问题id,问题内容,答案列表,源链接
1763687563136995,极速传说电影 还是张栢芝？？,,https://wenda.so.com/q/1763687563136995
1763613000131122,社会中有能力高调的人，给你一种什么样的感觉,1. 有能力高调 如果高调了 那也是顺理成章 实事求是 如果低调了 那可能是格局大 或很成熟 或 对功名不屑一顾 2. 就是挺容易对他有印象的， 容易记住他。除此以外，就是有什么困难会想到他。你要说有什么感觉？那就 是一种忌惮吧 这里突 复者叫充规营灯讨种某记 然想到一个工具：https://ir 已状肥农怎 is.***.io/web/immersive_pomodoro?share =W 番茄学习法是一种非常科学的方法，对于想要提升自己的各位还是非常有帮助的。希 望大家都能成为有能力的人。 3. 社会中有 能力高调的人，给我的感觉是 张扬，彰显个性 在现实社会中，人们 可能会因为多种原 因而表现出高调的行为 。以下是整理的一些可能的原因： 社会因素：随着社会的进步和经济的发 展，人们的价值观念也在不断 变化。在这个彰显个性、 吸引眼球的社交媒体时代里，高调表现自己 已经成为一种时尚潮流。而且，这种行为在某种程度上显示了一个人的社会地位和成就。因为 成功的人往往被认为具备 了一定的能力和资源，能够创造出更多的价 唱由保低眼乡爱历营 值。 心理因素：也许对于一 些人来说，高调是一种心理的需求 。在现代社会中，有着各种各样的人，他们的性格、 各不相同。但是对于一些人来说，他们可能 的感觉，对于他们来说，高调表现自己就是一种 广告效应 现也会起到一定的广告效应。 到了人们的关注和认可，他 从而在某种程度上提高了其个 。 文化差异：各个国家和地区的文化习惯不尽相同，产生出多样性。在有些地方 ，高调行为甚至被视为一种美德和 高尚特质。比如在某些商业圈子中，大声誓言胜利是一种热血、决心和勇气。通过 从事高调行为，人按照本族社会中所期待的方式行事，获得社 会上的认可，能够推动自己的事业和形象。 综上所述，有些人之所以会高调，原因可能各种各样。但是， 紧斗 无论是出于文化传统或是个人心理需求，高调表现自己的行为，都留给人们思考的空间。,https://wenda.so.com/q/1763613000131122
1763612852130206,某病毒木马能针 对Windows系统，其能否针对麦金塔系统,"1. 能，但可能性较 械粒械粮势波 低。Windows系统因用户 意软件的主要目标 ；麦金塔系统（macOS）因权限管理严格、沙 箱机制等防护措施，受攻击概率显著低于Windows。 2. 2026新版GHO镜像 系 360问答 统 下载,GHO 系统 ,稳定可靠, 装机必备之选. windows系统 本站 下载速度快,免激活,万能驱动兼容笔记本,新老台式机,是 电脑装机的好 系统 . 3. 多数针 望龙缩 对Windows的病毒木马通常无法直接攻击麦 金塔（macOS）系统， 但存在跨平台风险和针 对性变种。 系统差异与兼容性 Windows和macOS基于不同内核（Windows NT vs. Unix） ，文件格式（如EXE vs. D MG）和安全机制（ 如Windows Defen der vs. XPro tect）差异显著。多数Windows病毒依赖Windows特有的API和注册表机制，无法在macOS运行。例如，银狐木马变种明 ，通过EXE/DLL 文件传播，而macOS不支 持此类文件直接执行。 跨平台风险与针对性攻击 防范建议 1.不运 官方渠道下载Windows格式文件，尤其警惕伪装成财税、政府通知的钓鱼内容。 2.启 斗精威找未抓么种占裂 用系统防护：保持macOS内置防火墙和XPro 业 tect更新，定期 适液阿校 扫描第三方安全软件。 3.警惕社会工程学：macOS用户常因“系统更安全”的认 和恶意邮件。",https://wenda.so.com/q/1763612852130206
1763612804139912,为何第一代战 斗机，基本被美国与苏联垄 座尼劳款的条就 断,1. 因为当时的技术 制造能力只有美苏比较强大啊 其 境黄 他国家还比不上美苏 2. 第一代战机 第一代喷气发动机战机 诞生于20世纪四十年代末 当时处于二战战后时期 欧洲强国 忙于医治战争创伤 根本没有精 力发展新战机 美苏率先突破了喷气发动机技术 3. ‌第一代战斗机主要由美国和苏联垄断，主要原因是两国在 上率先突破，并在朝鲜战争等实战中验证了其性能 乙线士般九犯 优势‌。 技术突破与研发能力 美国和苏联 机技术，成为全球最早实现喷气式战斗机量产的国家。美国的F-86和 ，其设计结合了后掠翼、涡轮喷气发动机等创新 计秋调企居 ，解决了喷气动力上天的难题 。 实战验证与性能优势 朝鲜战争（1950-1953年）成为第一代 预束 喷气式战斗机的“试验场”。美国F-86 空的空战中展现了 家善议校由垂 喷气机的速度与机动性优势，而其 他国家的螺旋桨战斗机（如英 国流星）在性能上明显落后 。 国际环境与技术封锁 冷战初期，美国和苏联通过技术封锁和军事援助限制其他国家获取先进战斗机 。例如，中国在1 949年后从苏联进口米格 声明飞苦克硫露调必 -15等机型，但无法直接从美国获得F-86 。 ‌ 其他国家（如英国、法国） 虽有喷气机研发能力，但受限 于资源和技术积累，未能在第一代战斗机领域形成竞争 。,https://wenda.so.com/q/1763612804139912
1763606905138230,烤地瓜的味道啊,,https://wenda.so.com/q/1763606905138230
1763604819135515, 引力和斥力是绝对的，还是相对的？,1. 简单的回答是：引力和斥力是相对的，而不是绝对的。 但这个简单答案背后隐藏着极其丰富 的物理内涵。 1. 从牛顿力学的角度看：力的作用是相对的 在牛顿的万有引力 定律中，两个物体之间的引力大 与距离的平方成反比。关 键在于： 相互作用性：如果物体A以力F吸引物体B，那么物体B也以完全相同的力F吸引物体A。这就是牛顿第三定律：作用力与反作用力 大小相等、方向相反。 无 绝对标准：牛顿力学 中， 我们无法说“A是绝对的施力者，B是绝对的受力者” 是“被吸引者”完全是相对的，取 决于你选择的参考 系。 所以，在牛顿框架下，引力的“作用”是相对的。 2. 从爱因斯坦广义相对论的角度看：引 力本身是时空几何的体现 爱因斯坦的革命性观点将引力从一种“力”提升到了一个更根本的层面： 引力不是力：在广义相对论中， 引力被解释为质量/能 量导致时空弯曲的几何效应。 物体沿测地线运动：一个在时空中自由运动的物体（只 铁轻待四元门浓 受引力作用），并不是被一个“力”拉着走，而是沿 在布 着弯曲时空中的“最短 没后换套提绝念复始胜 路径”（ 称为测地线）运动。就像你把一个球放在绷紧的床单上，床单因重球而下凹，另一个轻球会沿着凹面滚向重 球，这并不是因为有一个神 秘的“拉力”，而是因为 相对性达到极致：在 这种图景下，谈论“绝对的引力”更没有意义。我们感受 用受限清政买 到的引力，实际上 是我们所处 的局部惯性系 和全 局弯曲时空 之间的差异所体现 落体的宇航员，会认为自己处 局部惯性系），而地面上的我们 因此，在更现代的物理学 中，引力的本质是时空的几何属性，其表现完全是相对的。 3. “斥力”的情况又如何？ 在自然界中，我们熟悉的四种 基本力（引力、电磁力 、强核力、 弱核力）中，引力和电磁力是 划可字 长程力。 电磁力：既 可以表现为斥力（同种 电荷），也可以表 现为引力（异种电荷）。和 引力一样，它同样遵 循作用与反作用定律，因此也是相对的。 宇宙学常数/ 度上，我们观测到宇宙在加速膨胀。这被解释为存在一种具有“斥力”效应的成分，通常被称为暗能量。在爱因斯坦的场方程中，这 劳青 对应于“宇宙学常数”。这种“斥力”同样不是绝对的， 耐农或细 它 也是时空本身的 看来也是相对的。 2. 引力就是引力 斥力就是斥力 引力不会变成 部之很角香块儿站强怀 斥力 斥力不会变成引力 + 异性  相斥 同性相吸 是客观规律 跳从宜 + 现在的人类社会 出现了【同性恋】 是违法法则的事情 只有【自大】的人 才会干出这种出格的事情 ,https://wenda.so.com/q/1763604819135515
1763547305136203,温和的姐姐（ 是外人）对温和的妹妹 就要好点，你觉得是什么原 因？（和平时不一样）,1. 温和的姐姐（是外人）对温和的妹妹好，我觉得是姐姐总是喜欢妹妹的原因， 姐姐总是一直给予妹无限 的爱，护着她的弟弟 妹妹。尽着一个姐姐的 慢武什 本分，传达着无限的爱意。让妹妹温暖,https://wenda.so.com/q/1763547305136203
1763528517138217,佛山市和佛山有啥区别,1. 通常情况下 ，“佛山市”和“佛山”指的是同 它紧加草刻月振 一个地方，即中国广东省下辖的地级市，两者在日常使用 中没有本质区别，均 指代这座位于珠江三角洲 。以下从不同语境进一步 括画香 说明： 一、正式名称与简称 的关系 佛山市 ：是官方标准名称，用于 所山分 行政区划、政府文件、正式 呼 报告等场合。例如，搜索结 果中提及的“佛山市住建 局等八部门印发新政”、“佛山市人民政府门户网站”，均使用全称。 佛山 ：是简称，更常用于口语、媒体报道或非正式语境，如“廉洁佛山网”、“再造一个新佛山”等表 述，简洁且通用。 二、使用场景的细微差异 名称 使用场景 示例 佛山市 官方文件、行政区 佛山市是广东省的一个城 读限动团岁主助笔贵 市，也是中国南方 重 答爱脱还福时兵 要的经济中心之一。” 佛山 日 常交流、媒体标题、品牌宣传等 “从春天出发 ，向高质量发展飞跃，为 再造一 个 新佛山贡献纪检监察力量 三、总结 两者核心指向一致，区 正式程度和使用习惯 ： 正 ）多使用“佛山市”； 非正式场合 （如口语、新闻标题）更常用“佛山”。 无需刻意区分，可根据语境灵 活选择。,https://wenda.so.com/q/1763528517138217
1763437285133056,社会中宁愿选择“面包”也不选择“爱情”的人，给 你一种什么样的感觉,1. 天经地义 没有面包 人 择“面包”而不选择“爱情” 才是明智的 切合实际的 2. 社 操衣苗历送跑士笑希孙象 会中宁愿选择“面包”也不选择“爱情”的人，给我的感觉是自私的人 选 择爱情还是面包，这是一个经典的选择题，不同的 人可能会有不同的看法。以下是 关于这一问题的几种观点： 选 择面包：一部分人认为，在现实生 是非常重要的。社会是残 酷的，有面包和没面包，别人 瞧你都是两幅面孔。所以很多人会在差不多的年 龄，找一个条件各方面都还可以的人结婚，至少以后 不用为金钱而烦恼。毕竟我们都明 白感情是可以培养的， 在一起久了，可能也会产生 爱情。 选择爱情：另一部分人则认为，爱情是让人努力的动力，爱情能让两个人水乳 交融，爱情是为他人付出，爱 宽半息玉酸排走 情是两个人在一起时能够幸福的 的只是坟墓。真心相爱的爱情是纯净而透明的， 仅日送被目刻 不掺杂任何杂质和附加条件，而且任何物质条件都无法单纯替代这种相通的情感体 两者兼顾：还 有一种观点认为，爱情和 面包并不是相互排斥的 。在现代社会，人们普遍 认为应该追求这两者的平衡。遇到适合的人了，爱情面包可以同时有，可能你的面包并不是全世界最 贵的那种，但是可 以果腹。 综上所述，选择爱情还是面包并没有一个统一的答案。这 主要取决于个人的价 值观、生活经历以及所处的社会环境。重要的是要了解自己的 合自己的选择，并为之,https://wenda.so.com/q/1763437285133056
1763437162132490,如果你的两个儿子参战，其一得军功而另一则牺牲，你有何感受,1. 不管是得军功还是牺 尊敬 崇拜 当然 能够活着回家 还能立功 肯 来自 定是家里人都最希望看到 2. 我的感受是：人和人的命运就是如此不同，虽然他们都是我一手养大，我能决定他们的成长 。 然后就是释怀吧。https: 未 //iris.***.io/web/muyu?share=W 这个木鱼网站我挺喜欢，静心。 3. 如果我的两个儿子参战，其一得军功而另一则牺牲，我的感受是悲喜交加，,https://wenda.so.com/q/1763437162132490
