/*
 Navicat Premium Dump SQL

 Source Server         : localhost@mysql-8.0.26
 Source Server Type    : MySQL
 Source Server Version : 80026 (8.0.26)
 Source Host           : localhost:3307
 Source Schema         : canteen_management

 Target Server Type    : MySQL
 Target Server Version : 80026 (8.0.26)
 File Encoding         : 65001

 Date: 02/02/2026 22:58:27
*/

SET NAMES utf8mb4;
SET FOREIGN_KEY_CHECKS = 0;

-- ----------------------------
-- Table structure for appeals
-- ----------------------------
DROP TABLE IF EXISTS `appeals`;
CREATE TABLE `appeals`  (
  `id` bigint NOT NULL AUTO_INCREMENT,
  `appeal_type` varchar(20) CHARACTER SET utf8mb4 COLLATE utf8mb4_unicode_ci NOT NULL,
  `target_id` int NOT NULL,
  `reason` longtext CHARACTER SET utf8mb4 COLLATE utf8mb4_unicode_ci NOT NULL,
  `status` varchar(20) CHARACTER SET utf8mb4 COLLATE utf8mb4_unicode_ci NOT NULL,
  `approval_remark` longtext CHARACTER SET utf8mb4 COLLATE utf8mb4_unicode_ci NULL,
  `created_at` datetime(6) NOT NULL,
  `updated_at` datetime(6) NOT NULL,
  `approver_id` bigint NULL DEFAULT NULL,
  `employee_id` bigint NOT NULL,
  PRIMARY KEY (`id`) USING BTREE,
  INDEX `appeals_approver_id_eae16e28_fk_employee_profiles_id`(`approver_id` ASC) USING BTREE,
  INDEX `appeals_employe_3cfe21_idx`(`employee_id` ASC, `status` ASC) USING BTREE,
  INDEX `appeals_appeal__5ff110_idx`(`appeal_type` ASC, `status` ASC) USING BTREE,
  INDEX `appeals_target__a402aa_idx`(`target_id` ASC) USING BTREE,
  CONSTRAINT `appeals_approver_id_eae16e28_fk_employee_profiles_id` FOREIGN KEY (`approver_id`) REFERENCES `employee_profiles` (`id`) ON DELETE RESTRICT ON UPDATE RESTRICT,
  CONSTRAINT `appeals_employee_id_31abfe3d_fk_employee_profiles_id` FOREIGN KEY (`employee_id`) REFERENCES `employee_profiles` (`id`) ON DELETE RESTRICT ON UPDATE RESTRICT
) ENGINE = InnoDB AUTO_INCREMENT = 201 CHARACTER SET = utf8mb4 COLLATE = utf8mb4_unicode_ci ROW_FORMAT = Dynamic;

-- ----------------------------
-- Records of appeals
-- ----------------------------
INSERT INTO `appeals` VALUES (101, 'SALARY', 174, '出勤天数统计错误', 'PENDING', NULL, '2026-01-29 11:57:35.233381', '2026-01-29 11:57:35.233381', NULL, 287);
INSERT INTO `appeals` VALUES (102, 'SALARY', 103, '扣款金额不正确', 'APPROVED', '已确认，批准', '2026-01-29 11:57:35.233381', '2026-01-29 11:57:35.233381', 299, 212);
INSERT INTO `appeals` VALUES (103, 'SALARY', 109, '岗位津贴未发放', 'PENDING', NULL, '2026-01-29 11:57:35.233381', '2026-01-29 11:57:35.233381', NULL, 305);
INSERT INTO `appeals` VALUES (104, 'ATTENDANCE', 107, '实际正常上班，系统误判迟到', 'REJECTED', '影响正常工作安排', '2026-01-29 11:57:35.233381', '2026-01-29 11:57:35.233381', 305, 264);
INSERT INTO `appeals` VALUES (105, 'ATTENDANCE', 152, '指纹识别问题', 'PENDING', NULL, '2026-01-29 11:57:35.233381', '2026-01-29 11:57:35.233381', NULL, 240);
INSERT INTO `appeals` VALUES (106, 'ATTENDANCE', 140, '实际正常上班，系统误判迟到', 'PENDING', NULL, '2026-01-29 11:57:35.233381', '2026-01-29 11:57:35.233381', NULL, 269);
INSERT INTO `appeals` VALUES (107, 'SALARY', 162, '岗位津贴未发放', 'PENDING', NULL, '2026-01-29 11:57:35.233381', '2026-01-29 11:57:35.233381', NULL, 216);
INSERT INTO `appeals` VALUES (108, 'ATTENDANCE', 196, '会议延迟导致迟到', 'APPROVED', '情况属实，同意', '2026-01-29 11:57:35.233381', '2026-01-29 11:57:35.233381', 300, 229);
INSERT INTO `appeals` VALUES (109, 'ATTENDANCE', 137, '指纹识别问题', 'APPROVED', '已确认，批准', '2026-01-29 11:57:35.233381', '2026-01-29 11:57:35.233381', 298, 206);
INSERT INTO `appeals` VALUES (110, 'ATTENDANCE', 182, '接待客户导致迟到', 'PENDING', NULL, '2026-01-29 11:57:35.233381', '2026-01-29 11:57:35.233381', NULL, 210);
INSERT INTO `appeals` VALUES (111, 'SALARY', 188, '绩效工资计算错误', 'REJECTED', '已有类似申请，不同意', '2026-01-29 11:57:35.233381', '2026-01-29 11:57:35.233381', 299, 276);
INSERT INTO `appeals` VALUES (112, 'ATTENDANCE', 146, '系统故障导致打卡失败', 'REJECTED', '时机不合适，请调整', '2026-01-29 11:57:35.233381', '2026-01-29 11:57:35.233381', 299, 294);
INSERT INTO `appeals` VALUES (113, 'SALARY', 133, '加班时长统计不准', 'PENDING', NULL, '2026-01-29 11:57:35.233381', '2026-01-29 11:57:35.233381', NULL, 268);
INSERT INTO `appeals` VALUES (114, 'ATTENDANCE', 201, '因公外出导致缺卡', 'APPROVED', '情况属实，同意', '2026-01-29 11:57:35.233381', '2026-01-29 11:57:35.233381', 298, 236);
INSERT INTO `appeals` VALUES (115, 'ATTENDANCE', 139, '接待客户导致迟到', 'APPROVED', '核实无误，批准', '2026-01-29 11:57:35.233381', '2026-01-29 11:57:35.233381', 300, 305);
INSERT INTO `appeals` VALUES (116, 'ATTENDANCE', 158, '实际正常上班，系统误判迟到', 'PENDING', NULL, '2026-01-29 11:57:35.233381', '2026-01-29 11:57:35.233381', NULL, 230);
INSERT INTO `appeals` VALUES (117, 'SALARY', 146, '扣款金额不正确', 'APPROVED', '同意', '2026-01-29 11:57:35.233381', '2026-01-29 11:57:35.233381', 304, 280);
INSERT INTO `appeals` VALUES (118, 'ATTENDANCE', 113, '因公外出导致缺卡', 'PENDING', NULL, '2026-01-29 11:57:35.233381', '2026-01-29 11:57:35.233381', NULL, 209);
INSERT INTO `appeals` VALUES (119, 'ATTENDANCE', 112, '网络问题打卡未成功', 'PENDING', NULL, '2026-01-29 11:57:35.233381', '2026-01-29 11:57:35.233381', NULL, 223);
INSERT INTO `appeals` VALUES (120, 'SALARY', 175, '扣款金额不正确', 'APPROVED', '批准', '2026-01-29 11:57:35.233381', '2026-01-29 11:57:35.233381', 305, 296);
INSERT INTO `appeals` VALUES (121, 'ATTENDANCE', 114, '指纹识别问题', 'REJECTED', '请提供更多证明材料', '2026-01-29 11:57:35.233381', '2026-01-29 11:57:35.233381', 299, 270);
INSERT INTO `appeals` VALUES (122, 'SALARY', 148, '岗位津贴未发放', 'REJECTED', '请与主管沟通后再申请', '2026-01-29 11:57:35.233381', '2026-01-29 11:57:35.233381', 305, 270);
INSERT INTO `appeals` VALUES (123, 'SALARY', 186, '扣款金额不正确', 'APPROVED', '批准', '2026-01-29 11:57:35.233381', '2026-01-29 11:57:35.233381', 298, 225);
INSERT INTO `appeals` VALUES (124, 'ATTENDANCE', 188, '替同事打卡忘记签退', 'APPROVED', '情况属实，同意', '2026-01-29 11:57:35.233381', '2026-01-29 11:57:35.233381', 302, 262);
INSERT INTO `appeals` VALUES (125, 'SALARY', 122, '基本工资与合同不符', 'REJECTED', '请与主管沟通后再申请', '2026-01-29 11:57:35.233381', '2026-01-29 11:57:35.233381', 304, 210);
INSERT INTO `appeals` VALUES (126, 'ATTENDANCE', 124, '指纹识别问题', 'REJECTED', '已有类似申请，不同意', '2026-01-29 11:57:35.233381', '2026-01-29 11:57:35.233381', 302, 283);
INSERT INTO `appeals` VALUES (127, 'ATTENDANCE', 192, '加班后忘记签退', 'PENDING', NULL, '2026-01-29 11:57:35.233381', '2026-01-29 11:57:35.233381', NULL, 290);
INSERT INTO `appeals` VALUES (128, 'SALARY', 106, '加班时长统计不准', 'APPROVED', '批准', '2026-01-29 11:57:35.233381', '2026-01-29 11:57:35.233381', 302, 236);
INSERT INTO `appeals` VALUES (129, 'ATTENDANCE', 116, '接待客户导致迟到', 'PENDING', NULL, '2026-01-29 11:57:35.233381', '2026-01-29 11:57:35.233381', NULL, 222);
INSERT INTO `appeals` VALUES (130, 'SALARY', 185, '岗位津贴未发放', 'PENDING', NULL, '2026-01-29 11:57:35.233381', '2026-01-29 11:57:35.233381', NULL, 282);
INSERT INTO `appeals` VALUES (131, 'SALARY', 170, '出勤天数统计错误', 'PENDING', NULL, '2026-01-29 11:57:35.233381', '2026-01-29 11:57:35.233381', NULL, 277);
INSERT INTO `appeals` VALUES (132, 'SALARY', 182, '岗位津贴未发放', 'PENDING', NULL, '2026-01-29 11:57:35.233381', '2026-01-29 11:57:35.233381', NULL, 215);
INSERT INTO `appeals` VALUES (133, 'SALARY', 195, '加班时长统计不准', 'REJECTED', '理由不充分，不同意', '2026-01-29 11:57:35.233381', '2026-01-29 11:57:35.233381', 302, 299);
INSERT INTO `appeals` VALUES (134, 'ATTENDANCE', 119, '加班后忘记签退', 'APPROVED', '同意申请', '2026-01-29 11:57:35.233381', '2026-01-29 11:57:35.233381', 305, 253);
INSERT INTO `appeals` VALUES (135, 'ATTENDANCE', 125, '指纹识别问题', 'REJECTED', '影响正常工作安排', '2026-01-29 11:57:35.233381', '2026-01-29 11:57:35.233381', 303, 271);
INSERT INTO `appeals` VALUES (136, 'SALARY', 158, '其他薪资问题', 'PENDING', NULL, '2026-01-29 11:57:35.233381', '2026-01-29 11:57:35.233381', NULL, 206);
INSERT INTO `appeals` VALUES (137, 'ATTENDANCE', 146, '加班后忘记签退', 'REJECTED', '时机不合适，请调整', '2026-01-29 11:57:35.233381', '2026-01-29 11:57:35.233381', 298, 290);
INSERT INTO `appeals` VALUES (138, 'SALARY', 116, '加班费计算有误', 'PENDING', NULL, '2026-01-29 11:57:35.233381', '2026-01-29 11:57:35.233381', NULL, 237);
INSERT INTO `appeals` VALUES (139, 'ATTENDANCE', 201, '指纹识别问题', 'PENDING', NULL, '2026-01-29 11:57:35.233381', '2026-01-29 11:57:35.233381', NULL, 301);
INSERT INTO `appeals` VALUES (140, 'ATTENDANCE', 180, '系统故障导致打卡失败', 'APPROVED', '批准', '2026-01-29 11:57:35.233381', '2026-01-29 11:57:35.233381', 300, 217);
INSERT INTO `appeals` VALUES (141, 'SALARY', 147, '出勤天数统计错误', 'APPROVED', '批准', '2026-01-29 11:57:35.233381', '2026-01-29 11:57:35.233381', 301, 282);
INSERT INTO `appeals` VALUES (142, 'ATTENDANCE', 147, '接待客户导致迟到', 'REJECTED', '影响正常工作安排', '2026-01-29 11:57:35.233381', '2026-01-29 11:57:35.233381', 301, 293);
INSERT INTO `appeals` VALUES (143, 'ATTENDANCE', 184, '会议延迟导致迟到', 'PENDING', NULL, '2026-01-29 11:57:35.233381', '2026-01-29 11:57:35.233381', NULL, 275);
INSERT INTO `appeals` VALUES (144, 'ATTENDANCE', 188, '指纹识别问题', 'PENDING', NULL, '2026-01-29 11:57:35.233381', '2026-01-29 11:57:35.233381', NULL, 237);
INSERT INTO `appeals` VALUES (145, 'SALARY', 200, '奖金未计入', 'PENDING', NULL, '2026-01-29 11:57:35.233381', '2026-01-29 11:57:35.233381', NULL, 226);
INSERT INTO `appeals` VALUES (146, 'ATTENDANCE', 184, '接待客户导致迟到', 'PENDING', NULL, '2026-01-29 11:57:35.233381', '2026-01-29 11:57:35.233381', NULL, 208);
INSERT INTO `appeals` VALUES (147, 'SALARY', 159, '绩效工资计算错误', 'APPROVED', '同意', '2026-01-29 11:57:35.233381', '2026-01-29 11:57:35.233381', 301, 250);
INSERT INTO `appeals` VALUES (148, 'ATTENDANCE', 196, '考勤机故障', 'APPROVED', '核实无误，批准', '2026-01-29 11:57:35.233381', '2026-01-29 11:57:35.233381', 304, 233);
INSERT INTO `appeals` VALUES (149, 'SALARY', 130, '加班时长统计不准', 'PENDING', NULL, '2026-01-29 11:57:35.233381', '2026-01-29 11:57:35.233381', NULL, 305);
INSERT INTO `appeals` VALUES (150, 'SALARY', 159, '绩效工资计算错误', 'REJECTED', '已有类似申请，不同意', '2026-01-29 11:57:35.233381', '2026-01-29 11:57:35.233381', 301, 276);
INSERT INTO `appeals` VALUES (151, 'ATTENDANCE', 125, '加班后忘记签退', 'PENDING', NULL, '2026-01-29 11:57:35.233381', '2026-01-29 11:57:35.233381', NULL, 214);
INSERT INTO `appeals` VALUES (152, 'SALARY', 103, '绩效工资计算错误', 'APPROVED', '已确认，批准', '2026-01-29 11:57:35.233381', '2026-01-29 11:57:35.233381', 304, 258);
INSERT INTO `appeals` VALUES (153, 'SALARY', 139, '请假扣款计算错误', 'PENDING', NULL, '2026-01-29 11:57:35.233381', '2026-01-29 11:57:35.233381', NULL, 270);
INSERT INTO `appeals` VALUES (154, 'SALARY', 169, '岗位津贴未发放', 'APPROVED', '申请合理，同意', '2026-01-29 11:57:35.233381', '2026-01-29 11:57:35.233381', 304, 265);
INSERT INTO `appeals` VALUES (155, 'SALARY', 107, '扣款金额不正确', 'REJECTED', '请重新核对信息', '2026-01-29 11:57:35.233381', '2026-01-29 11:57:35.233381', 298, 290);
INSERT INTO `appeals` VALUES (156, 'ATTENDANCE', 133, '实际正常上班，系统误判迟到', 'PENDING', NULL, '2026-01-29 11:57:35.233381', '2026-01-29 11:57:35.233381', NULL, 238);
INSERT INTO `appeals` VALUES (157, 'ATTENDANCE', 176, '网络问题打卡未成功', 'APPROVED', '核实无误，批准', '2026-01-29 11:57:35.234756', '2026-01-29 11:57:35.234756', 304, 256);
INSERT INTO `appeals` VALUES (158, 'ATTENDANCE', 148, '考勤机故障', 'REJECTED', '时机不合适，请调整', '2026-01-29 11:57:35.234756', '2026-01-29 11:57:35.234756', 302, 288);
INSERT INTO `appeals` VALUES (159, 'ATTENDANCE', 153, '系统故障导致打卡失败', 'APPROVED', '批准', '2026-01-29 11:57:35.234756', '2026-01-29 11:57:35.234756', 304, 272);
INSERT INTO `appeals` VALUES (160, 'SALARY', 198, '加班费计算有误', 'APPROVED', '同意', '2026-01-29 11:57:35.234756', '2026-01-29 11:57:35.234756', 304, 285);
INSERT INTO `appeals` VALUES (161, 'SALARY', 146, '奖金未计入', 'PENDING', NULL, '2026-01-29 11:57:35.234756', '2026-01-29 11:57:35.234756', NULL, 253);
INSERT INTO `appeals` VALUES (162, 'ATTENDANCE', 107, '指纹识别问题', 'PENDING', NULL, '2026-01-29 11:57:35.234756', '2026-01-29 11:57:35.234756', NULL, 267);
INSERT INTO `appeals` VALUES (163, 'ATTENDANCE', 126, '加班后忘记签退', 'APPROVED', '同意申请', '2026-01-29 11:57:35.234756', '2026-01-29 11:57:35.234756', 304, 229);
INSERT INTO `appeals` VALUES (164, 'ATTENDANCE', 117, '接待客户导致迟到', 'PENDING', NULL, '2026-01-29 11:57:35.234756', '2026-01-29 11:57:35.234756', NULL, 270);
INSERT INTO `appeals` VALUES (165, 'ATTENDANCE', 183, '系统故障导致打卡失败', 'APPROVED', '批准', '2026-01-29 11:57:35.234756', '2026-01-29 11:57:35.234756', 300, 235);
INSERT INTO `appeals` VALUES (166, 'SALARY', 120, '岗位津贴未发放', 'PENDING', NULL, '2026-01-29 11:57:35.234756', '2026-01-29 11:57:35.234756', NULL, 293);
INSERT INTO `appeals` VALUES (167, 'ATTENDANCE', 152, '考勤机故障', 'PENDING', NULL, '2026-01-29 11:57:35.234756', '2026-01-29 11:57:35.234756', NULL, 224);
INSERT INTO `appeals` VALUES (168, 'ATTENDANCE', 136, '指纹识别问题', 'PENDING', NULL, '2026-01-29 11:57:35.234756', '2026-01-29 11:57:35.234756', NULL, 208);
INSERT INTO `appeals` VALUES (169, 'SALARY', 133, '其他薪资问题', 'APPROVED', '同意申请', '2026-01-29 11:57:35.234756', '2026-01-29 11:57:35.234756', 304, 304);
INSERT INTO `appeals` VALUES (170, 'ATTENDANCE', 153, '系统故障导致打卡失败', 'REJECTED', '请提供更多证明材料', '2026-01-29 11:57:35.234756', '2026-01-29 11:57:35.234756', 302, 249);
INSERT INTO `appeals` VALUES (171, 'ATTENDANCE', 116, '指纹识别问题', 'REJECTED', '影响正常工作安排', '2026-01-29 11:57:35.234756', '2026-01-29 11:57:35.234756', 304, 218);
INSERT INTO `appeals` VALUES (172, 'SALARY', 191, '基本工资与合同不符', 'PENDING', NULL, '2026-01-29 11:57:35.234756', '2026-01-29 11:57:35.234756', NULL, 267);
INSERT INTO `appeals` VALUES (173, 'ATTENDANCE', 151, '因公外出导致缺卡', 'PENDING', NULL, '2026-01-29 11:57:35.234756', '2026-01-29 11:57:35.234756', NULL, 284);
INSERT INTO `appeals` VALUES (174, 'ATTENDANCE', 180, '替同事打卡忘记签退', 'REJECTED', '申请不符合规定', '2026-01-29 11:57:35.234756', '2026-01-29 11:57:35.234756', 298, 273);
INSERT INTO `appeals` VALUES (175, 'ATTENDANCE', 143, '系统故障导致打卡失败', 'APPROVED', '申请合理，同意', '2026-01-29 11:57:35.234756', '2026-01-29 11:57:35.234756', 298, 211);
INSERT INTO `appeals` VALUES (176, 'ATTENDANCE', 187, '系统故障导致打卡失败', 'PENDING', NULL, '2026-01-29 11:57:35.234756', '2026-01-29 11:57:35.234756', NULL, 281);
INSERT INTO `appeals` VALUES (177, 'SALARY', 185, '请假扣款计算错误', 'APPROVED', '申请合理，同意', '2026-01-29 11:57:35.234756', '2026-01-29 11:57:35.234756', 301, 286);
INSERT INTO `appeals` VALUES (178, 'SALARY', 111, '请假扣款计算错误', 'REJECTED', '理由不充分，不同意', '2026-01-29 11:57:35.234756', '2026-01-29 11:57:35.234756', 302, 290);
INSERT INTO `appeals` VALUES (179, 'SALARY', 197, '扣款金额不正确', 'APPROVED', '核实无误，批准', '2026-01-29 11:57:35.234756', '2026-01-29 11:57:35.234756', 301, 274);
INSERT INTO `appeals` VALUES (180, 'SALARY', 170, '岗位津贴未发放', 'REJECTED', '不符合调班条件', '2026-01-29 11:57:35.234756', '2026-01-29 11:57:35.234756', 302, 233);
INSERT INTO `appeals` VALUES (181, 'SALARY', 116, '扣款金额不正确', 'APPROVED', '特殊情况，同意', '2026-01-29 11:57:35.234756', '2026-01-29 11:57:35.234756', 304, 217);
INSERT INTO `appeals` VALUES (182, 'ATTENDANCE', 156, '指纹识别问题', 'REJECTED', '请重新核对信息', '2026-01-29 11:57:35.234756', '2026-01-29 11:57:35.234756', 303, 244);
INSERT INTO `appeals` VALUES (183, 'ATTENDANCE', 194, '会议延迟导致迟到', 'APPROVED', '核实无误，批准', '2026-01-29 11:57:35.234756', '2026-01-29 11:57:35.234756', 299, 304);
INSERT INTO `appeals` VALUES (184, 'SALARY', 173, '加班时长统计不准', 'APPROVED', '情况属实，同意', '2026-01-29 11:57:35.234756', '2026-01-29 11:57:35.234756', 305, 241);
INSERT INTO `appeals` VALUES (185, 'SALARY', 146, '加班费计算有误', 'REJECTED', '请假时间过长', '2026-01-29 11:57:35.234756', '2026-01-29 11:57:35.234756', 298, 288);
INSERT INTO `appeals` VALUES (186, 'ATTENDANCE', 147, '考勤机故障', 'REJECTED', '已有类似申请，不同意', '2026-01-29 11:57:35.234756', '2026-01-29 11:57:35.234756', 304, 295);
INSERT INTO `appeals` VALUES (187, 'SALARY', 122, '扣款金额不正确', 'PENDING', NULL, '2026-01-29 11:57:35.234756', '2026-01-29 11:57:35.234756', NULL, 233);
INSERT INTO `appeals` VALUES (188, 'SALARY', 146, '出勤天数统计错误', 'PENDING', NULL, '2026-01-29 11:57:35.234756', '2026-01-29 11:57:35.234756', NULL, 249);
INSERT INTO `appeals` VALUES (189, 'ATTENDANCE', 130, '系统故障导致打卡失败', 'APPROVED', '特殊情况，同意', '2026-01-29 11:57:35.234756', '2026-01-29 11:57:35.234756', 302, 247);
INSERT INTO `appeals` VALUES (190, 'ATTENDANCE', 194, '系统故障导致打卡失败', 'REJECTED', '请与主管沟通后再申请', '2026-01-29 11:57:35.234756', '2026-01-29 11:57:35.234756', 299, 244);
INSERT INTO `appeals` VALUES (191, 'ATTENDANCE', 185, '系统故障导致打卡失败', 'APPROVED', '特殊情况，同意', '2026-01-29 11:57:35.234756', '2026-01-29 11:57:35.234756', 304, 251);
INSERT INTO `appeals` VALUES (192, 'ATTENDANCE', 180, '考勤机故障', 'APPROVED', '同意', '2026-01-29 11:57:35.234756', '2026-01-29 11:57:35.234756', 305, 305);
INSERT INTO `appeals` VALUES (193, 'SALARY', 161, '绩效工资计算错误', 'REJECTED', '请假时间过长', '2026-01-29 11:57:35.234756', '2026-01-29 11:57:35.234756', 301, 226);
INSERT INTO `appeals` VALUES (194, 'SALARY', 107, '奖金未计入', 'PENDING', NULL, '2026-01-29 11:57:35.234756', '2026-01-29 11:57:35.234756', NULL, 248);
INSERT INTO `appeals` VALUES (195, 'SALARY', 131, '基本工资与合同不符', 'APPROVED', '按规定处理，同意', '2026-01-29 11:57:35.234756', '2026-01-29 11:57:35.234756', 305, 273);
INSERT INTO `appeals` VALUES (196, 'SALARY', 159, '奖金未计入', 'APPROVED', '核实无误，批准', '2026-01-29 11:57:35.234756', '2026-01-29 11:57:35.234756', 301, 271);
INSERT INTO `appeals` VALUES (197, 'SALARY', 154, '其他薪资问题', 'REJECTED', '影响正常工作安排', '2026-01-29 11:57:35.234756', '2026-01-29 11:57:35.234756', 302, 296);
INSERT INTO `appeals` VALUES (198, 'SALARY', 117, '加班时长统计不准', 'REJECTED', '影响正常工作安排', '2026-01-29 11:57:35.234756', '2026-01-29 11:57:35.234756', 304, 213);
INSERT INTO `appeals` VALUES (199, 'SALARY', 169, '扣款金额不正确', 'PENDING', NULL, '2026-01-29 11:57:35.234756', '2026-01-29 11:57:35.234756', NULL, 274);
INSERT INTO `appeals` VALUES (200, 'ATTENDANCE', 104, '因公外出导致缺卡', 'PENDING', NULL, '2026-01-29 11:57:35.234756', '2026-01-29 11:57:35.234756', NULL, 250);

-- ----------------------------
-- Table structure for attendance_records
-- ----------------------------
DROP TABLE IF EXISTS `attendance_records`;
CREATE TABLE `attendance_records`  (
  `id` bigint NOT NULL AUTO_INCREMENT,
  `clock_in_time` datetime(6) NULL DEFAULT NULL,
  `clock_out_time` datetime(6) NULL DEFAULT NULL,
  `clock_in_location` varchar(200) CHARACTER SET utf8mb4 COLLATE utf8mb4_unicode_ci NOT NULL,
  `clock_out_location` varchar(200) CHARACTER SET utf8mb4 COLLATE utf8mb4_unicode_ci NOT NULL,
  `status` varchar(20) CHARACTER SET utf8mb4 COLLATE utf8mb4_unicode_ci NOT NULL,
  `correction_remark` longtext CHARACTER SET utf8mb4 COLLATE utf8mb4_unicode_ci NOT NULL,
  `created_at` datetime(6) NOT NULL,
  `updated_at` datetime(6) NOT NULL,
  `employee_id` bigint NOT NULL,
  `schedule_id` bigint NULL DEFAULT NULL,
  PRIMARY KEY (`id`) USING BTREE,
  INDEX `attendance_records_employee_id_4084fb3e_fk_employee_profiles_id`(`employee_id` ASC) USING BTREE,
  INDEX `attendance_records_schedule_id_4607ed02_fk_schedules_id`(`schedule_id` ASC) USING BTREE,
  CONSTRAINT `attendance_records_employee_id_4084fb3e_fk_employee_profiles_id` FOREIGN KEY (`employee_id`) REFERENCES `employee_profiles` (`id`) ON DELETE RESTRICT ON UPDATE RESTRICT,
  CONSTRAINT `attendance_records_schedule_id_4607ed02_fk_schedules_id` FOREIGN KEY (`schedule_id`) REFERENCES `schedules` (`id`) ON DELETE RESTRICT ON UPDATE RESTRICT
) ENGINE = InnoDB AUTO_INCREMENT = 212 CHARACTER SET = utf8mb4 COLLATE = utf8mb4_unicode_ci ROW_FORMAT = Dynamic;

-- ----------------------------
-- Records of attendance_records
-- ----------------------------
INSERT INTO `attendance_records` VALUES (102, '2026-02-04 05:25:00.000000', '2026-02-04 16:43:00.000000', '员工入口', '配菜间', 'NORMAL', '', '2026-01-29 11:57:35.172142', '2026-01-29 11:57:35.172142', 251, 307);
INSERT INTO `attendance_records` VALUES (103, '2026-01-15 15:57:00.000000', '2026-01-15 22:43:00.000000', '配菜间', '二楼餐厅', 'NORMAL', '', '2026-01-29 11:57:35.172142', '2026-01-29 11:57:35.172142', 283, 310);
INSERT INTO `attendance_records` VALUES (104, '2026-02-03 16:18:00.000000', '2026-02-03 21:45:00.000000', '一楼餐厅', '二楼餐厅', 'LATE', '', '2026-01-29 11:57:35.172142', '2026-01-29 11:57:35.172142', 232, 226);
INSERT INTO `attendance_records` VALUES (105, '2026-02-06 09:55:00.000000', '2026-02-06 23:21:00.000000', '后厨操作间', '仓库', 'NORMAL', '', '2026-01-29 11:57:35.172142', '2026-01-29 11:57:35.172142', 254, 215);
INSERT INTO `attendance_records` VALUES (106, '2026-01-11 09:56:00.000000', '2026-01-11 20:36:00.000000', '食堂大厅', '员工入口', 'NORMAL', '', '2026-01-29 11:57:35.172142', '2026-01-29 11:57:35.172142', 296, 232);
INSERT INTO `attendance_records` VALUES (107, '2026-03-27 05:29:00.000000', '2026-03-27 14:52:00.000000', '二楼餐厅', '洗碗间', 'NORMAL', '', '2026-01-29 11:57:35.172142', '2026-01-29 11:57:35.172142', 303, 278);
INSERT INTO `attendance_records` VALUES (108, NULL, '2026-03-27 14:53:00.000000', '未打卡', '配菜间', 'MISSING', '', '2026-01-29 11:57:35.172849', '2026-01-29 11:57:35.172849', 303, 278);
INSERT INTO `attendance_records` VALUES (109, '2026-01-19 09:55:00.000000', NULL, '食堂大厅', '未打卡', 'MISSING', '', '2026-01-29 11:57:35.172849', '2026-01-29 11:57:35.172849', 283, 297);
INSERT INTO `attendance_records` VALUES (110, '2026-03-19 09:57:00.000000', '2026-03-19 16:43:00.000000', '后厨入口', '面点间', 'NORMAL', '', '2026-01-29 11:57:35.172849', '2026-01-29 11:57:35.172849', 259, 306);
INSERT INTO `attendance_records` VALUES (111, '2026-02-25 10:00:00.000000', '2026-02-25 23:11:00.000000', '洗碗间', '后厨操作间', 'NORMAL', '', '2026-01-29 11:57:35.172849', '2026-01-29 11:57:35.172849', 239, 253);
INSERT INTO `attendance_records` VALUES (112, '2026-02-05 15:57:00.000000', '2026-02-05 22:32:00.000000', '后厨入口', '仓库', 'NORMAL', '', '2026-01-29 11:57:35.172849', '2026-01-29 11:57:35.172849', 295, 269);
INSERT INTO `attendance_records` VALUES (113, '2026-01-29 15:55:00.000000', '2026-01-29 20:21:00.000000', '洗碗间', '配菜间', 'EARLY_LEAVE', '', '2026-01-29 11:57:35.172849', '2026-01-29 11:57:35.172849', 300, 239);
INSERT INTO `attendance_records` VALUES (114, '2026-01-19 15:56:00.000000', '2026-01-19 23:26:00.000000', '后厨操作间', '配菜间', 'NORMAL', '', '2026-01-29 11:57:35.172849', '2026-01-29 11:57:35.172849', 297, 303);
INSERT INTO `attendance_records` VALUES (115, '2026-01-04 09:55:00.000000', '2026-01-04 15:40:00.000000', '二楼餐厅', '仓库', 'NORMAL', '', '2026-01-29 11:57:35.172849', '2026-01-29 11:57:35.172849', 274, 302);
INSERT INTO `attendance_records` VALUES (116, '2026-02-03 16:18:00.000000', '2026-02-03 23:12:00.000000', '员工入口', '食堂大厅', 'LATE', '', '2026-01-29 11:57:35.172849', '2026-01-29 11:57:35.172849', 232, 226);
INSERT INTO `attendance_records` VALUES (117, '2026-01-30 15:57:00.000000', '2026-01-30 20:22:00.000000', '面点间', '二楼餐厅', 'EARLY_LEAVE', '', '2026-01-29 11:57:35.172849', '2026-01-29 11:57:35.172849', 266, 284);
INSERT INTO `attendance_records` VALUES (118, '2026-03-22 09:55:00.000000', '2026-03-22 15:46:00.000000', '面点间', '面点间', 'NORMAL', '', '2026-01-29 11:57:35.172849', '2026-01-29 11:57:35.172849', 285, 221);
INSERT INTO `attendance_records` VALUES (119, '2026-02-15 10:00:00.000000', '2026-02-15 16:14:00.000000', '面点间', '员工入口', 'NORMAL', '', '2026-01-29 11:57:35.172849', '2026-01-29 11:57:35.172849', 226, 295);
INSERT INTO `attendance_records` VALUES (120, '2026-03-18 05:30:00.000000', '2026-03-18 11:57:00.000000', '后厨操作间', '配菜间', 'NORMAL', '', '2026-01-29 11:57:35.172849', '2026-01-29 11:57:35.172849', 209, 262);
INSERT INTO `attendance_records` VALUES (121, '2026-02-17 05:26:00.000000', '2026-02-17 15:51:00.000000', '仓库', '一楼餐厅', 'NORMAL', '', '2026-01-29 11:57:35.172849', '2026-01-29 11:57:35.172849', 279, 227);
INSERT INTO `attendance_records` VALUES (122, '2026-02-21 09:55:00.000000', '2026-02-21 23:26:00.000000', '配菜间', '配菜间', 'NORMAL', '', '2026-01-29 11:57:35.172849', '2026-01-29 11:57:35.172849', 284, 299);
INSERT INTO `attendance_records` VALUES (123, '2026-03-12 09:59:00.000000', NULL, '食堂大厅', '未打卡', 'MISSING', '', '2026-01-29 11:57:35.172849', '2026-01-29 11:57:35.172849', 275, 266);
INSERT INTO `attendance_records` VALUES (124, '2026-02-21 10:17:00.000000', '2026-02-21 22:09:00.000000', '面点间', '配菜间', 'LATE', '', '2026-01-29 11:57:35.172849', '2026-01-29 11:57:35.172849', 284, 299);
INSERT INTO `attendance_records` VALUES (125, '2026-03-27 05:30:00.000000', '2026-03-27 16:23:00.000000', '仓库', '二楼餐厅', 'NORMAL', '', '2026-01-29 11:57:35.172849', '2026-01-29 11:57:35.172849', 303, 278);
INSERT INTO `attendance_records` VALUES (126, '2026-02-07 09:55:00.000000', '2026-02-07 20:30:00.000000', '仓库', '配菜间', 'NORMAL', '', '2026-01-29 11:57:35.172849', '2026-01-29 11:57:35.172849', 255, 254);
INSERT INTO `attendance_records` VALUES (127, NULL, '2026-02-07 20:36:00.000000', '未打卡', '洗碗间', 'MISSING', '', '2026-01-29 11:57:35.172849', '2026-01-29 11:57:35.172849', 255, 254);
INSERT INTO `attendance_records` VALUES (128, '2026-01-24 10:14:00.000000', '2026-01-24 23:26:00.000000', '员工入口', '二楼餐厅', 'LATE', '', '2026-01-29 11:57:35.172849', '2026-01-29 11:57:35.172849', 255, 252);
INSERT INTO `attendance_records` VALUES (129, '2026-01-06 09:59:00.000000', '2026-01-06 22:00:00.000000', '二楼餐厅', '员工入口', 'NORMAL', '', '2026-01-29 11:57:35.172849', '2026-01-29 11:57:35.172849', 257, 280);
INSERT INTO `attendance_records` VALUES (130, '2026-01-30 09:59:00.000000', '2026-01-30 15:43:00.000000', '配菜间', '面点间', 'NORMAL', '', '2026-01-29 11:57:35.172849', '2026-01-29 11:57:35.172849', 271, 228);
INSERT INTO `attendance_records` VALUES (131, '2026-03-10 05:25:00.000000', '2026-03-10 11:15:00.000000', '洗碗间', '面点间', 'NORMAL', '', '2026-01-29 11:57:35.172849', '2026-01-29 11:57:35.172849', 258, 213);
INSERT INTO `attendance_records` VALUES (132, '2026-03-10 05:27:00.000000', '2026-03-10 12:14:00.000000', '食堂大厅', '仓库', 'NORMAL', '', '2026-01-29 11:57:35.172849', '2026-01-29 11:57:35.172849', 258, 213);
INSERT INTO `attendance_records` VALUES (133, '2026-03-19 05:26:00.000000', '2026-03-19 12:22:00.000000', '仓库', '二楼餐厅', 'NORMAL', '', '2026-01-29 11:57:35.172849', '2026-01-29 11:57:35.172849', 297, 237);
INSERT INTO `attendance_records` VALUES (134, '2026-02-06 09:57:00.000000', '2026-02-06 21:03:00.000000', '洗碗间', '一楼餐厅', 'NORMAL', '', '2026-01-29 11:57:35.172849', '2026-01-29 11:57:35.172849', 254, 215);
INSERT INTO `attendance_records` VALUES (135, '2026-02-04 05:25:00.000000', '2026-02-04 15:10:00.000000', '一楼餐厅', '洗碗间', 'NORMAL', '', '2026-01-29 11:57:35.172849', '2026-01-29 11:57:35.172849', 251, 307);
INSERT INTO `attendance_records` VALUES (136, '2026-02-06 10:12:00.000000', '2026-02-06 21:32:00.000000', '后厨操作间', '配菜间', 'LATE', '', '2026-01-29 11:57:35.172849', '2026-01-29 11:57:35.172849', 254, 215);
INSERT INTO `attendance_records` VALUES (137, '2026-01-20 07:56:00.000000', '2026-01-20 20:09:00.000000', '配菜间', '后厨操作间', 'NORMAL', '', '2026-01-29 11:57:35.172849', '2026-01-29 11:57:35.172849', 233, 287);
INSERT INTO `attendance_records` VALUES (138, '2026-02-12 15:55:00.000000', '2026-02-12 20:24:00.000000', '员工入口', '后厨操作间', 'EARLY_LEAVE', '', '2026-01-29 11:57:35.172849', '2026-01-29 11:57:35.172849', 254, 235);
INSERT INTO `attendance_records` VALUES (139, '2026-01-07 05:25:00.000000', '2026-01-07 16:48:00.000000', '配菜间', '食堂大厅', 'NORMAL', '', '2026-01-29 11:57:35.172849', '2026-01-29 11:57:35.172849', 270, 296);
INSERT INTO `attendance_records` VALUES (140, '2026-02-26 05:25:00.000000', '2026-02-26 17:12:00.000000', '二楼餐厅', '员工入口', 'NORMAL', '', '2026-01-29 11:57:35.172849', '2026-01-29 11:57:35.172849', 251, 308);
INSERT INTO `attendance_records` VALUES (141, NULL, '2026-02-12 20:55:00.000000', '未打卡', '二楼餐厅', 'MISSING', '', '2026-01-29 11:57:35.172849', '2026-01-29 11:57:35.172849', 254, 235);
INSERT INTO `attendance_records` VALUES (142, '2026-03-08 05:29:00.000000', '2026-03-08 12:01:00.000000', '食堂大厅', '后厨操作间', 'NORMAL', '', '2026-01-29 11:57:35.172849', '2026-01-29 11:57:35.172849', 265, 263);
INSERT INTO `attendance_records` VALUES (143, '2026-02-15 05:25:00.000000', '2026-02-15 14:13:00.000000', '仓库', '后厨入口', 'EARLY_LEAVE', '', '2026-01-29 11:57:35.172849', '2026-01-29 11:57:35.172849', 223, 249);
INSERT INTO `attendance_records` VALUES (144, '2026-03-19 10:14:00.000000', '2026-03-19 17:15:00.000000', '配菜间', '配菜间', 'LATE', '', '2026-01-29 11:57:35.172849', '2026-01-29 11:57:35.172849', 259, 306);
INSERT INTO `attendance_records` VALUES (145, '2026-03-03 16:21:00.000000', '2026-03-03 21:31:00.000000', '二楼餐厅', '仓库', 'LATE', '', '2026-01-29 11:57:35.172849', '2026-01-29 11:57:35.172849', 217, 298);
INSERT INTO `attendance_records` VALUES (146, '2026-01-20 05:59:00.000000', '2026-01-20 11:28:00.000000', '仓库', '后厨入口', 'LATE', '', '2026-01-29 11:57:35.172849', '2026-01-29 11:57:35.172849', 291, 229);
INSERT INTO `attendance_records` VALUES (147, '2026-01-28 09:55:00.000000', '2026-01-28 14:50:00.000000', '配菜间', '洗碗间', 'NORMAL', '', '2026-01-29 11:57:35.172849', '2026-01-29 11:57:35.172849', 302, 274);
INSERT INTO `attendance_records` VALUES (148, '2026-03-28 10:06:00.000000', '2026-03-28 16:22:00.000000', '后厨入口', '后厨操作间', 'LATE', '', '2026-01-29 11:57:35.172849', '2026-01-29 11:57:35.172849', 242, 259);
INSERT INTO `attendance_records` VALUES (149, '2026-03-22 09:57:00.000000', '2026-03-22 16:12:00.000000', '配菜间', '仓库', 'NORMAL', '', '2026-01-29 11:57:35.172849', '2026-01-29 11:57:35.172849', 285, 221);
INSERT INTO `attendance_records` VALUES (150, NULL, '2026-02-24 14:49:00.000000', '未打卡', '二楼餐厅', 'MISSING', '', '2026-01-29 11:57:35.172849', '2026-01-29 11:57:35.172849', 297, 273);
INSERT INTO `attendance_records` VALUES (151, '2026-02-18 05:30:00.000000', '2026-02-18 14:44:00.000000', '后厨入口', '后厨入口', 'NORMAL', '', '2026-01-29 11:57:35.172849', '2026-01-29 11:57:35.172849', 294, 233);
INSERT INTO `attendance_records` VALUES (152, '2026-02-26 05:50:00.000000', '2026-02-26 11:10:00.000000', '洗碗间', '仓库', 'LATE', '', '2026-01-29 11:57:35.172849', '2026-01-29 11:57:35.172849', 236, 241);
INSERT INTO `attendance_records` VALUES (153, '2026-02-20 09:58:00.000000', NULL, '后厨操作间', '未打卡', 'MISSING', '', '2026-01-29 11:57:35.172849', '2026-01-29 11:57:35.172849', 280, 245);
INSERT INTO `attendance_records` VALUES (154, '2026-01-20 09:58:00.000000', '2026-01-20 20:08:00.000000', '配菜间', '洗碗间', 'EARLY_LEAVE', '', '2026-01-29 11:57:35.172849', '2026-01-29 11:57:35.172849', 282, 225);
INSERT INTO `attendance_records` VALUES (155, NULL, '2026-01-20 20:34:00.000000', '未打卡', '后厨操作间', 'MISSING', '', '2026-01-29 11:57:35.172849', '2026-01-29 11:57:35.172849', 282, 225);
INSERT INTO `attendance_records` VALUES (156, '2026-03-31 09:56:00.000000', '2026-03-31 20:41:00.000000', '一楼餐厅', '配菜间', 'NORMAL', '', '2026-01-29 11:57:35.172849', '2026-01-29 11:57:35.172849', 274, 242);
INSERT INTO `attendance_records` VALUES (157, '2026-03-03 15:57:00.000000', NULL, '面点间', '未打卡', 'MISSING', '', '2026-01-29 11:57:35.172849', '2026-01-29 11:57:35.172849', 217, 298);
INSERT INTO `attendance_records` VALUES (158, '2026-01-29 05:29:00.000000', '2026-01-29 10:33:00.000000', '员工入口', '二楼餐厅', 'NORMAL', '', '2026-01-29 11:57:35.172849', '2026-01-29 11:57:35.172849', 295, 222);
INSERT INTO `attendance_records` VALUES (159, '2026-02-02 07:56:00.000000', '2026-02-02 21:57:00.000000', '食堂大厅', '配菜间', 'NORMAL', '', '2026-01-29 11:57:35.172849', '2026-01-29 11:57:35.172849', 210, 244);
INSERT INTO `attendance_records` VALUES (160, '2026-03-22 09:57:00.000000', '2026-03-22 15:05:00.000000', '一楼餐厅', '仓库', 'NORMAL', '', '2026-01-29 11:57:35.172849', '2026-01-29 11:57:35.172849', 285, 221);
INSERT INTO `attendance_records` VALUES (161, '2026-01-24 09:58:00.000000', '2026-01-24 22:00:00.000000', '二楼餐厅', '仓库', 'NORMAL', '', '2026-01-29 11:57:35.172849', '2026-01-29 11:57:35.172849', 255, 252);
INSERT INTO `attendance_records` VALUES (162, '2026-01-20 09:57:00.000000', '2026-01-20 22:56:00.000000', '后厨操作间', '员工入口', 'NORMAL', '', '2026-01-29 11:57:35.172849', '2026-01-29 11:57:35.172849', 282, 225);
INSERT INTO `attendance_records` VALUES (163, '2026-03-31 10:00:00.000000', '2026-03-31 20:35:00.000000', '二楼餐厅', '食堂大厅', 'NORMAL', '', '2026-01-29 11:57:35.174381', '2026-01-29 11:57:35.174381', 274, 242);
INSERT INTO `attendance_records` VALUES (164, '2026-01-23 05:58:00.000000', '2026-01-23 11:54:00.000000', '食堂大厅', '后厨入口', 'LATE', '', '2026-01-29 11:57:35.174381', '2026-01-29 11:57:35.174381', 256, 255);
INSERT INTO `attendance_records` VALUES (165, '2026-03-19 05:58:00.000000', '2026-03-19 11:29:00.000000', '仓库', '面点间', 'LATE', '', '2026-01-29 11:57:35.174381', '2026-01-29 11:57:35.174381', 297, 237);
INSERT INTO `attendance_records` VALUES (166, '2026-03-12 09:57:00.000000', '2026-03-12 14:41:00.000000', '食堂大厅', '一楼餐厅', 'NORMAL', '', '2026-01-29 11:57:35.174381', '2026-01-29 11:57:35.174381', 275, 266);
INSERT INTO `attendance_records` VALUES (167, '2026-02-05 16:27:00.000000', '2026-02-05 21:42:00.000000', '洗碗间', '食堂大厅', 'LATE', '', '2026-01-29 11:57:35.174381', '2026-01-29 11:57:35.174381', 295, 269);
INSERT INTO `attendance_records` VALUES (168, '2026-03-08 05:30:00.000000', '2026-03-08 11:49:00.000000', '后厨操作间', '食堂大厅', 'NORMAL', '', '2026-01-29 11:57:35.174381', '2026-01-29 11:57:35.174381', 265, 263);
INSERT INTO `attendance_records` VALUES (169, '2026-01-20 09:58:00.000000', '2026-01-20 22:41:00.000000', '配菜间', '二楼餐厅', 'NORMAL', '', '2026-01-29 11:57:35.174381', '2026-01-29 11:57:35.174381', 282, 225);
INSERT INTO `attendance_records` VALUES (170, '2026-03-28 05:27:00.000000', '2026-03-28 15:40:00.000000', '后厨操作间', '员工入口', 'NORMAL', '', '2026-01-29 11:57:35.174381', '2026-01-29 11:57:35.174381', 215, 281);
INSERT INTO `attendance_records` VALUES (171, '2026-01-10 05:29:00.000000', '2026-01-10 11:40:00.000000', '食堂大厅', '后厨入口', 'NORMAL', '', '2026-01-29 11:57:35.174381', '2026-01-29 11:57:35.174381', 231, 272);
INSERT INTO `attendance_records` VALUES (172, '2026-01-21 10:00:00.000000', '2026-01-21 16:23:00.000000', '配菜间', '后厨入口', 'NORMAL', '', '2026-01-29 11:57:35.174381', '2026-01-29 11:57:35.174381', 232, 248);
INSERT INTO `attendance_records` VALUES (173, '2026-02-10 09:57:00.000000', NULL, '食堂大厅', '未打卡', 'MISSING', '', '2026-01-29 11:57:35.174381', '2026-01-29 11:57:35.174381', 249, 289);
INSERT INTO `attendance_records` VALUES (174, '2026-02-15 09:59:00.000000', '2026-02-15 15:40:00.000000', '后厨操作间', '洗碗间', 'NORMAL', '', '2026-01-29 11:57:35.174381', '2026-01-29 11:57:35.174381', 266, 256);
INSERT INTO `attendance_records` VALUES (175, '2026-03-30 09:59:00.000000', '2026-03-30 14:02:00.000000', '食堂大厅', '面点间', 'EARLY_LEAVE', '', '2026-01-29 11:57:35.174381', '2026-01-29 11:57:35.174381', 294, 258);
INSERT INTO `attendance_records` VALUES (176, '2026-01-24 10:00:00.000000', '2026-01-24 22:01:00.000000', '一楼餐厅', '面点间', 'NORMAL', '', '2026-01-29 11:57:35.174381', '2026-01-29 11:57:35.174381', 255, 252);
INSERT INTO `attendance_records` VALUES (177, '2026-01-15 05:25:00.000000', '2026-01-15 15:52:00.000000', '员工入口', '员工入口', 'NORMAL', '', '2026-01-29 11:57:35.174381', '2026-01-29 11:57:35.174381', 297, 214);
INSERT INTO `attendance_records` VALUES (178, '2026-01-04 10:00:00.000000', '2026-01-04 15:40:00.000000', '面点间', '二楼餐厅', 'NORMAL', '', '2026-01-29 11:57:35.174381', '2026-01-29 11:57:35.174381', 274, 302);
INSERT INTO `attendance_records` VALUES (179, '2026-02-20 09:59:00.000000', '2026-02-20 15:00:00.000000', '面点间', '食堂大厅', 'NORMAL', '', '2026-01-29 11:57:35.174381', '2026-01-29 11:57:35.174381', 280, 245);
INSERT INTO `attendance_records` VALUES (180, '2026-03-31 15:58:00.000000', '2026-03-31 21:32:00.000000', '后厨入口', '面点间', 'NORMAL', '', '2026-01-29 11:57:35.174381', '2026-01-29 11:57:35.174381', 268, 268);
INSERT INTO `attendance_records` VALUES (181, '2026-03-10 05:26:00.000000', '2026-03-10 11:30:00.000000', '一楼餐厅', '洗碗间', 'NORMAL', '', '2026-01-29 11:57:35.174381', '2026-01-29 11:57:35.174381', 258, 213);
INSERT INTO `attendance_records` VALUES (182, '2026-01-13 10:12:00.000000', '2026-01-13 22:54:00.000000', '食堂大厅', '一楼餐厅', 'LATE', '', '2026-01-29 11:57:35.174381', '2026-01-29 11:57:35.174381', 295, 218);
INSERT INTO `attendance_records` VALUES (183, '2026-02-06 10:27:00.000000', '2026-02-06 23:00:00.000000', '仓库', '一楼餐厅', 'LATE', '', '2026-01-29 11:57:35.174381', '2026-01-29 11:57:35.174381', 254, 215);
INSERT INTO `attendance_records` VALUES (184, NULL, '2026-02-05 20:44:00.000000', '未打卡', '一楼餐厅', 'MISSING', '', '2026-01-29 11:57:35.174381', '2026-01-29 11:57:35.174381', 295, 269);
INSERT INTO `attendance_records` VALUES (185, '2026-02-11 15:56:00.000000', '2026-02-11 22:43:00.000000', '二楼餐厅', '后厨操作间', 'NORMAL', '', '2026-01-29 11:57:35.174381', '2026-01-29 11:57:35.174381', 210, 305);
INSERT INTO `attendance_records` VALUES (186, '2026-01-28 10:00:00.000000', NULL, '后厨操作间', '未打卡', 'MISSING', '', '2026-01-29 11:57:35.174381', '2026-01-29 11:57:35.174381', 302, 274);
INSERT INTO `attendance_records` VALUES (187, '2026-01-09 09:57:00.000000', '2026-01-09 20:31:00.000000', '食堂大厅', '一楼餐厅', 'NORMAL', '', '2026-01-29 11:57:35.174381', '2026-01-29 11:57:35.174381', 261, 311);
INSERT INTO `attendance_records` VALUES (188, '2026-01-06 10:00:00.000000', '2026-01-06 23:10:00.000000', '仓库', '一楼餐厅', 'NORMAL', '', '2026-01-29 11:57:35.174381', '2026-01-29 11:57:35.174381', 257, 280);
INSERT INTO `attendance_records` VALUES (189, '2026-03-20 08:24:00.000000', '2026-03-20 22:03:00.000000', '配菜间', '员工入口', 'LATE', '', '2026-01-29 11:57:35.174381', '2026-01-29 11:57:35.174381', 237, 283);
INSERT INTO `attendance_records` VALUES (190, '2026-03-18 09:55:00.000000', '2026-03-18 21:04:00.000000', '食堂大厅', '食堂大厅', 'NORMAL', '', '2026-01-29 11:57:35.174381', '2026-01-29 11:57:35.174381', 240, 294);
INSERT INTO `attendance_records` VALUES (191, '2026-03-17 09:58:00.000000', '2026-03-17 15:34:00.000000', '后厨入口', '食堂大厅', 'NORMAL', '', '2026-01-29 11:57:35.174381', '2026-01-29 11:57:35.174381', 215, 247);
INSERT INTO `attendance_records` VALUES (192, '2026-03-01 05:27:00.000000', '2026-03-01 12:47:00.000000', '一楼餐厅', '后厨操作间', 'NORMAL', '', '2026-01-29 11:57:35.174381', '2026-01-29 11:57:35.174381', 256, 275);
INSERT INTO `attendance_records` VALUES (193, '2026-02-07 09:56:00.000000', '2026-02-07 23:07:00.000000', '仓库', '配菜间', 'NORMAL', '', '2026-01-29 11:57:35.174381', '2026-01-29 11:57:35.174381', 255, 254);
INSERT INTO `attendance_records` VALUES (194, '2026-01-24 10:10:00.000000', '2026-01-24 17:20:00.000000', '员工入口', '后厨入口', 'LATE', '', '2026-01-29 11:57:35.174381', '2026-01-29 11:57:35.174381', 285, 220);
INSERT INTO `attendance_records` VALUES (195, '2026-01-28 07:55:00.000000', '2026-01-28 20:02:00.000000', '二楼餐厅', '食堂大厅', 'NORMAL', '', '2026-01-29 11:57:35.174381', '2026-01-29 11:57:35.174381', 226, 290);
INSERT INTO `attendance_records` VALUES (196, '2026-02-11 15:58:00.000000', '2026-02-11 22:29:00.000000', '洗碗间', '仓库', 'NORMAL', '', '2026-01-29 11:57:35.174381', '2026-01-29 11:57:35.174381', 210, 305);
INSERT INTO `attendance_records` VALUES (197, '2026-02-03 16:15:00.000000', '2026-02-03 23:00:00.000000', '一楼餐厅', '二楼餐厅', 'LATE', '', '2026-01-29 11:57:35.174381', '2026-01-29 11:57:35.174381', 252, 282);
INSERT INTO `attendance_records` VALUES (198, '2026-01-29 05:25:00.000000', '2026-01-29 11:32:00.000000', '二楼餐厅', '仓库', 'NORMAL', '', '2026-01-29 11:57:35.175434', '2026-01-29 11:57:35.175434', 295, 222);
INSERT INTO `attendance_records` VALUES (199, '2026-01-28 08:06:00.000000', '2026-01-28 22:30:00.000000', '食堂大厅', '一楼餐厅', 'NORMAL', '上厕所去了', '2026-01-29 11:57:35.175434', '2026-01-29 12:45:18.497501', 226, 290);
INSERT INTO `attendance_records` VALUES (200, '2026-01-20 09:58:00.000000', '2026-01-20 23:10:00.000000', '二楼餐厅', '后厨入口', 'NORMAL', '', '2026-01-29 11:57:35.175434', '2026-01-29 11:57:35.175434', 282, 225);
INSERT INTO `attendance_records` VALUES (201, '2026-01-11 10:19:00.000000', '2026-01-11 20:39:00.000000', '二楼餐厅', '二楼餐厅', 'LATE', '', '2026-01-29 11:57:35.175434', '2026-01-29 11:57:35.175434', 296, 232);
INSERT INTO `attendance_records` VALUES (202, '2026-01-29 14:16:34.230227', NULL, '纬度: 28.1554, 经度: 112.9718', '', 'MISSING', '', '2026-01-29 14:16:34.230227', '2026-01-29 14:16:34.230227', 280, NULL);
INSERT INTO `attendance_records` VALUES (203, '2026-01-29 14:16:41.175945', NULL, '纬度: 28.1554, 经度: 112.9718', '', 'MISSING', '', '2026-01-29 14:16:41.175945', '2026-01-29 14:16:41.175945', 280, NULL);
INSERT INTO `attendance_records` VALUES (204, '2026-01-29 14:16:42.967520', NULL, '纬度: 28.1554, 经度: 112.9718', '', 'MISSING', '', '2026-01-29 14:16:42.968026', '2026-01-29 14:16:42.968026', 280, NULL);
INSERT INTO `attendance_records` VALUES (205, '2026-01-29 14:16:43.881879', NULL, '纬度: 28.1554, 经度: 112.9718', '', 'MISSING', '', '2026-01-29 14:16:43.881879', '2026-01-29 14:16:43.881879', 280, NULL);
INSERT INTO `attendance_records` VALUES (206, '2026-01-29 14:16:45.578549', NULL, '纬度: 28.1554, 经度: 112.9718', '', 'MISSING', '', '2026-01-29 14:16:45.578549', '2026-01-29 14:16:45.578549', 280, NULL);
INSERT INTO `attendance_records` VALUES (207, '2026-01-29 14:16:47.459627', NULL, '纬度: 28.1554, 经度: 112.9718', '', 'MISSING', '', '2026-01-29 14:16:47.459627', '2026-01-29 14:16:47.459627', 280, NULL);
INSERT INTO `attendance_records` VALUES (208, '2026-01-29 14:17:11.662615', NULL, '食堂', '', 'MISSING', '', '2026-01-29 14:17:11.662615', '2026-01-29 14:17:11.662615', 280, NULL);
INSERT INTO `attendance_records` VALUES (209, '2026-01-29 14:17:12.436738', NULL, '食堂', '', 'MISSING', '', '2026-01-29 14:17:12.436738', '2026-01-29 14:17:12.436738', 280, NULL);
INSERT INTO `attendance_records` VALUES (210, '2026-01-29 14:17:13.111419', NULL, '食堂', '', 'MISSING', '', '2026-01-29 14:17:13.111419', '2026-01-29 14:17:13.111419', 280, NULL);
INSERT INTO `attendance_records` VALUES (211, '2026-01-29 14:50:04.938911', '2026-01-29 14:50:10.025605', '食堂', '纬度: 28.1554, 经度: 112.9718', 'LATE', '', '2026-01-29 14:50:04.938911', '2026-01-29 14:50:10.027143', 280, 314);

-- ----------------------------
-- Table structure for auth_group
-- ----------------------------
DROP TABLE IF EXISTS `auth_group`;
CREATE TABLE `auth_group`  (
  `id` int NOT NULL AUTO_INCREMENT,
  `name` varchar(150) CHARACTER SET utf8mb4 COLLATE utf8mb4_unicode_ci NOT NULL,
  PRIMARY KEY (`id`) USING BTREE,
  UNIQUE INDEX `name`(`name` ASC) USING BTREE
) ENGINE = InnoDB CHARACTER SET = utf8mb4 COLLATE = utf8mb4_unicode_ci ROW_FORMAT = Dynamic;

-- ----------------------------
-- Records of auth_group
-- ----------------------------

-- ----------------------------
-- Table structure for auth_group_permissions
-- ----------------------------
DROP TABLE IF EXISTS `auth_group_permissions`;
CREATE TABLE `auth_group_permissions`  (
  `id` bigint NOT NULL AUTO_INCREMENT,
  `group_id` int NOT NULL,
  `permission_id` int NOT NULL,
  PRIMARY KEY (`id`) USING BTREE,
  UNIQUE INDEX `auth_group_permissions_group_id_permission_id_0cd325b0_uniq`(`group_id` ASC, `permission_id` ASC) USING BTREE,
  INDEX `auth_group_permissio_permission_id_84c5c92e_fk_auth_perm`(`permission_id` ASC) USING BTREE,
  CONSTRAINT `auth_group_permissio_permission_id_84c5c92e_fk_auth_perm` FOREIGN KEY (`permission_id`) REFERENCES `auth_permission` (`id`) ON DELETE RESTRICT ON UPDATE RESTRICT,
  CONSTRAINT `auth_group_permissions_group_id_b120cbf9_fk_auth_group_id` FOREIGN KEY (`group_id`) REFERENCES `auth_group` (`id`) ON DELETE RESTRICT ON UPDATE RESTRICT
) ENGINE = InnoDB CHARACTER SET = utf8mb4 COLLATE = utf8mb4_unicode_ci ROW_FORMAT = Dynamic;

-- ----------------------------
-- Records of auth_group_permissions
-- ----------------------------

-- ----------------------------
-- Table structure for auth_permission
-- ----------------------------
DROP TABLE IF EXISTS `auth_permission`;
CREATE TABLE `auth_permission`  (
  `id` int NOT NULL AUTO_INCREMENT,
  `name` varchar(255) CHARACTER SET utf8mb4 COLLATE utf8mb4_unicode_ci NOT NULL,
  `content_type_id` int NOT NULL,
  `codename` varchar(100) CHARACTER SET utf8mb4 COLLATE utf8mb4_unicode_ci NOT NULL,
  PRIMARY KEY (`id`) USING BTREE,
  UNIQUE INDEX `auth_permission_content_type_id_codename_01ab375a_uniq`(`content_type_id` ASC, `codename` ASC) USING BTREE,
  CONSTRAINT `auth_permission_content_type_id_2f476e4b_fk_django_co` FOREIGN KEY (`content_type_id`) REFERENCES `django_content_type` (`id`) ON DELETE RESTRICT ON UPDATE RESTRICT
) ENGINE = InnoDB AUTO_INCREMENT = 65 CHARACTER SET = utf8mb4 COLLATE = utf8mb4_unicode_ci ROW_FORMAT = Dynamic;

-- ----------------------------
-- Records of auth_permission
-- ----------------------------
INSERT INTO `auth_permission` VALUES (1, 'Can add log entry', 1, 'add_logentry');
INSERT INTO `auth_permission` VALUES (2, 'Can change log entry', 1, 'change_logentry');
INSERT INTO `auth_permission` VALUES (3, 'Can delete log entry', 1, 'delete_logentry');
INSERT INTO `auth_permission` VALUES (4, 'Can view log entry', 1, 'view_logentry');
INSERT INTO `auth_permission` VALUES (5, 'Can add permission', 2, 'add_permission');
INSERT INTO `auth_permission` VALUES (6, 'Can change permission', 2, 'change_permission');
INSERT INTO `auth_permission` VALUES (7, 'Can delete permission', 2, 'delete_permission');
INSERT INTO `auth_permission` VALUES (8, 'Can view permission', 2, 'view_permission');
INSERT INTO `auth_permission` VALUES (9, 'Can add group', 3, 'add_group');
INSERT INTO `auth_permission` VALUES (10, 'Can change group', 3, 'change_group');
INSERT INTO `auth_permission` VALUES (11, 'Can delete group', 3, 'delete_group');
INSERT INTO `auth_permission` VALUES (12, 'Can view group', 3, 'view_group');
INSERT INTO `auth_permission` VALUES (13, 'Can add user', 4, 'add_user');
INSERT INTO `auth_permission` VALUES (14, 'Can change user', 4, 'change_user');
INSERT INTO `auth_permission` VALUES (15, 'Can delete user', 4, 'delete_user');
INSERT INTO `auth_permission` VALUES (16, 'Can view user', 4, 'view_user');
INSERT INTO `auth_permission` VALUES (17, 'Can add content type', 5, 'add_contenttype');
INSERT INTO `auth_permission` VALUES (18, 'Can change content type', 5, 'change_contenttype');
INSERT INTO `auth_permission` VALUES (19, 'Can delete content type', 5, 'delete_contenttype');
INSERT INTO `auth_permission` VALUES (20, 'Can view content type', 5, 'view_contenttype');
INSERT INTO `auth_permission` VALUES (21, 'Can add session', 6, 'add_session');
INSERT INTO `auth_permission` VALUES (22, 'Can change session', 6, 'change_session');
INSERT INTO `auth_permission` VALUES (23, 'Can delete session', 6, 'delete_session');
INSERT INTO `auth_permission` VALUES (24, 'Can view session', 6, 'view_session');
INSERT INTO `auth_permission` VALUES (25, 'Can add 用户账号', 7, 'add_user');
INSERT INTO `auth_permission` VALUES (26, 'Can change 用户账号', 7, 'change_user');
INSERT INTO `auth_permission` VALUES (27, 'Can delete 用户账号', 7, 'delete_user');
INSERT INTO `auth_permission` VALUES (28, 'Can view 用户账号', 7, 'view_user');
INSERT INTO `auth_permission` VALUES (29, 'Can add 员工档案', 8, 'add_employeeprofile');
INSERT INTO `auth_permission` VALUES (30, 'Can change 员工档案', 8, 'change_employeeprofile');
INSERT INTO `auth_permission` VALUES (31, 'Can delete 员工档案', 8, 'delete_employeeprofile');
INSERT INTO `auth_permission` VALUES (32, 'Can view 员工档案', 8, 'view_employeeprofile');
INSERT INTO `auth_permission` VALUES (33, 'Can add 调班申请', 9, 'add_shiftswaprequest');
INSERT INTO `auth_permission` VALUES (34, 'Can change 调班申请', 9, 'change_shiftswaprequest');
INSERT INTO `auth_permission` VALUES (35, 'Can delete 调班申请', 9, 'delete_shiftswaprequest');
INSERT INTO `auth_permission` VALUES (36, 'Can view 调班申请', 9, 'view_shiftswaprequest');
INSERT INTO `auth_permission` VALUES (37, 'Can add 排班计划', 10, 'add_schedule');
INSERT INTO `auth_permission` VALUES (38, 'Can change 排班计划', 10, 'change_schedule');
INSERT INTO `auth_permission` VALUES (39, 'Can delete 排班计划', 10, 'delete_schedule');
INSERT INTO `auth_permission` VALUES (40, 'Can view 排班计划', 10, 'view_schedule');
INSERT INTO `auth_permission` VALUES (41, 'Can add 班次定义', 11, 'add_shift');
INSERT INTO `auth_permission` VALUES (42, 'Can change 班次定义', 11, 'change_shift');
INSERT INTO `auth_permission` VALUES (43, 'Can delete 班次定义', 11, 'delete_shift');
INSERT INTO `auth_permission` VALUES (44, 'Can view 班次定义', 11, 'view_shift');
INSERT INTO `auth_permission` VALUES (45, 'Can add 考勤记录', 12, 'add_attendancerecord');
INSERT INTO `auth_permission` VALUES (46, 'Can change 考勤记录', 12, 'change_attendancerecord');
INSERT INTO `auth_permission` VALUES (47, 'Can delete 考勤记录', 12, 'delete_attendancerecord');
INSERT INTO `auth_permission` VALUES (48, 'Can view 考勤记录', 12, 'view_attendancerecord');
INSERT INTO `auth_permission` VALUES (49, 'Can add 请假申请', 13, 'add_leaverequest');
INSERT INTO `auth_permission` VALUES (50, 'Can change 请假申请', 13, 'change_leaverequest');
INSERT INTO `auth_permission` VALUES (51, 'Can delete 请假申请', 13, 'delete_leaverequest');
INSERT INTO `auth_permission` VALUES (52, 'Can view 请假申请', 13, 'view_leaverequest');
INSERT INTO `auth_permission` VALUES (53, 'Can add 异常申诉', 14, 'add_appeal');
INSERT INTO `auth_permission` VALUES (54, 'Can change 异常申诉', 14, 'change_appeal');
INSERT INTO `auth_permission` VALUES (55, 'Can delete 异常申诉', 14, 'delete_appeal');
INSERT INTO `auth_permission` VALUES (56, 'Can view 异常申诉', 14, 'view_appeal');
INSERT INTO `auth_permission` VALUES (57, 'Can add 薪资记录', 15, 'add_salaryrecord');
INSERT INTO `auth_permission` VALUES (58, 'Can change 薪资记录', 15, 'change_salaryrecord');
INSERT INTO `auth_permission` VALUES (59, 'Can delete 薪资记录', 15, 'delete_salaryrecord');
INSERT INTO `auth_permission` VALUES (60, 'Can view 薪资记录', 15, 'view_salaryrecord');
INSERT INTO `auth_permission` VALUES (61, 'Can add 系统设置', 16, 'add_systemsettings');
INSERT INTO `auth_permission` VALUES (62, 'Can change 系统设置', 16, 'change_systemsettings');
INSERT INTO `auth_permission` VALUES (63, 'Can delete 系统设置', 16, 'delete_systemsettings');
INSERT INTO `auth_permission` VALUES (64, 'Can view 系统设置', 16, 'view_systemsettings');

-- ----------------------------
-- Table structure for auth_user
-- ----------------------------
DROP TABLE IF EXISTS `auth_user`;
CREATE TABLE `auth_user`  (
  `id` int NOT NULL AUTO_INCREMENT,
  `password` varchar(128) CHARACTER SET utf8mb4 COLLATE utf8mb4_unicode_ci NOT NULL,
  `last_login` datetime(6) NULL DEFAULT NULL,
  `is_superuser` tinyint(1) NOT NULL,
  `username` varchar(150) CHARACTER SET utf8mb4 COLLATE utf8mb4_unicode_ci NOT NULL,
  `first_name` varchar(150) CHARACTER SET utf8mb4 COLLATE utf8mb4_unicode_ci NOT NULL,
  `last_name` varchar(150) CHARACTER SET utf8mb4 COLLATE utf8mb4_unicode_ci NOT NULL,
  `email` varchar(254) CHARACTER SET utf8mb4 COLLATE utf8mb4_unicode_ci NOT NULL,
  `is_staff` tinyint(1) NOT NULL,
  `is_active` tinyint(1) NOT NULL,
  `date_joined` datetime(6) NOT NULL,
  PRIMARY KEY (`id`) USING BTREE,
  UNIQUE INDEX `username`(`username` ASC) USING BTREE
) ENGINE = InnoDB CHARACTER SET = utf8mb4 COLLATE = utf8mb4_unicode_ci ROW_FORMAT = Dynamic;

-- ----------------------------
-- Records of auth_user
-- ----------------------------

-- ----------------------------
-- Table structure for auth_user_groups
-- ----------------------------
DROP TABLE IF EXISTS `auth_user_groups`;
CREATE TABLE `auth_user_groups`  (
  `id` bigint NOT NULL AUTO_INCREMENT,
  `user_id` int NOT NULL,
  `group_id` int NOT NULL,
  PRIMARY KEY (`id`) USING BTREE,
  UNIQUE INDEX `auth_user_groups_user_id_group_id_94350c0c_uniq`(`user_id` ASC, `group_id` ASC) USING BTREE,
  INDEX `auth_user_groups_group_id_97559544_fk_auth_group_id`(`group_id` ASC) USING BTREE,
  CONSTRAINT `auth_user_groups_group_id_97559544_fk_auth_group_id` FOREIGN KEY (`group_id`) REFERENCES `auth_group` (`id`) ON DELETE RESTRICT ON UPDATE RESTRICT,
  CONSTRAINT `auth_user_groups_user_id_6a12ed8b_fk_auth_user_id` FOREIGN KEY (`user_id`) REFERENCES `auth_user` (`id`) ON DELETE RESTRICT ON UPDATE RESTRICT
) ENGINE = InnoDB CHARACTER SET = utf8mb4 COLLATE = utf8mb4_unicode_ci ROW_FORMAT = Dynamic;

-- ----------------------------
-- Records of auth_user_groups
-- ----------------------------

-- ----------------------------
-- Table structure for auth_user_user_permissions
-- ----------------------------
DROP TABLE IF EXISTS `auth_user_user_permissions`;
CREATE TABLE `auth_user_user_permissions`  (
  `id` bigint NOT NULL AUTO_INCREMENT,
  `user_id` int NOT NULL,
  `permission_id` int NOT NULL,
  PRIMARY KEY (`id`) USING BTREE,
  UNIQUE INDEX `auth_user_user_permissions_user_id_permission_id_14a6b632_uniq`(`user_id` ASC, `permission_id` ASC) USING BTREE,
  INDEX `auth_user_user_permi_permission_id_1fbb5f2c_fk_auth_perm`(`permission_id` ASC) USING BTREE,
  CONSTRAINT `auth_user_user_permi_permission_id_1fbb5f2c_fk_auth_perm` FOREIGN KEY (`permission_id`) REFERENCES `auth_permission` (`id`) ON DELETE RESTRICT ON UPDATE RESTRICT,
  CONSTRAINT `auth_user_user_permissions_user_id_a95ead1b_fk_auth_user_id` FOREIGN KEY (`user_id`) REFERENCES `auth_user` (`id`) ON DELETE RESTRICT ON UPDATE RESTRICT
) ENGINE = InnoDB CHARACTER SET = utf8mb4 COLLATE = utf8mb4_unicode_ci ROW_FORMAT = Dynamic;

-- ----------------------------
-- Records of auth_user_user_permissions
-- ----------------------------

-- ----------------------------
-- Table structure for django_admin_log
-- ----------------------------
DROP TABLE IF EXISTS `django_admin_log`;
CREATE TABLE `django_admin_log`  (
  `id` int NOT NULL AUTO_INCREMENT,
  `action_time` datetime(6) NOT NULL,
  `object_id` longtext CHARACTER SET utf8mb4 COLLATE utf8mb4_unicode_ci NULL,
  `object_repr` varchar(200) CHARACTER SET utf8mb4 COLLATE utf8mb4_unicode_ci NOT NULL,
  `action_flag` smallint UNSIGNED NOT NULL,
  `change_message` longtext CHARACTER SET utf8mb4 COLLATE utf8mb4_unicode_ci NOT NULL,
  `content_type_id` int NULL DEFAULT NULL,
  `user_id` int NOT NULL,
  PRIMARY KEY (`id`) USING BTREE,
  INDEX `django_admin_log_content_type_id_c4bce8eb_fk_django_co`(`content_type_id` ASC) USING BTREE,
  INDEX `django_admin_log_user_id_c564eba6_fk_auth_user_id`(`user_id` ASC) USING BTREE,
  CONSTRAINT `django_admin_log_content_type_id_c4bce8eb_fk_django_co` FOREIGN KEY (`content_type_id`) REFERENCES `django_content_type` (`id`) ON DELETE RESTRICT ON UPDATE RESTRICT,
  CONSTRAINT `django_admin_log_user_id_c564eba6_fk_auth_user_id` FOREIGN KEY (`user_id`) REFERENCES `auth_user` (`id`) ON DELETE RESTRICT ON UPDATE RESTRICT,
  CONSTRAINT `django_admin_log_chk_1` CHECK (`action_flag` >= 0)
) ENGINE = InnoDB CHARACTER SET = utf8mb4 COLLATE = utf8mb4_unicode_ci ROW_FORMAT = Dynamic;

-- ----------------------------
-- Records of django_admin_log
-- ----------------------------

-- ----------------------------
-- Table structure for django_content_type
-- ----------------------------
DROP TABLE IF EXISTS `django_content_type`;
CREATE TABLE `django_content_type`  (
  `id` int NOT NULL AUTO_INCREMENT,
  `app_label` varchar(100) CHARACTER SET utf8mb4 COLLATE utf8mb4_unicode_ci NOT NULL,
  `model` varchar(100) CHARACTER SET utf8mb4 COLLATE utf8mb4_unicode_ci NOT NULL,
  PRIMARY KEY (`id`) USING BTREE,
  UNIQUE INDEX `django_content_type_app_label_model_76bd3d3b_uniq`(`app_label` ASC, `model` ASC) USING BTREE
) ENGINE = InnoDB AUTO_INCREMENT = 17 CHARACTER SET = utf8mb4 COLLATE = utf8mb4_unicode_ci ROW_FORMAT = Dynamic;

-- ----------------------------
-- Records of django_content_type
-- ----------------------------
INSERT INTO `django_content_type` VALUES (16, 'accounts', 'systemsettings');
INSERT INTO `django_content_type` VALUES (7, 'accounts', 'user');
INSERT INTO `django_content_type` VALUES (1, 'admin', 'logentry');
INSERT INTO `django_content_type` VALUES (12, 'attendance', 'attendancerecord');
INSERT INTO `django_content_type` VALUES (3, 'auth', 'group');
INSERT INTO `django_content_type` VALUES (2, 'auth', 'permission');
INSERT INTO `django_content_type` VALUES (4, 'auth', 'user');
INSERT INTO `django_content_type` VALUES (5, 'contenttypes', 'contenttype');
INSERT INTO `django_content_type` VALUES (8, 'employees', 'employeeprofile');
INSERT INTO `django_content_type` VALUES (13, 'leaves', 'leaverequest');
INSERT INTO `django_content_type` VALUES (14, 'salaries', 'appeal');
INSERT INTO `django_content_type` VALUES (15, 'salaries', 'salaryrecord');
INSERT INTO `django_content_type` VALUES (10, 'schedules', 'schedule');
INSERT INTO `django_content_type` VALUES (11, 'schedules', 'shift');
INSERT INTO `django_content_type` VALUES (9, 'schedules', 'shiftswaprequest');
INSERT INTO `django_content_type` VALUES (6, 'sessions', 'session');

-- ----------------------------
-- Table structure for django_migrations
-- ----------------------------
DROP TABLE IF EXISTS `django_migrations`;
CREATE TABLE `django_migrations`  (
  `id` bigint NOT NULL AUTO_INCREMENT,
  `app` varchar(255) CHARACTER SET utf8mb4 COLLATE utf8mb4_unicode_ci NOT NULL,
  `name` varchar(255) CHARACTER SET utf8mb4 COLLATE utf8mb4_unicode_ci NOT NULL,
  `applied` datetime(6) NOT NULL,
  PRIMARY KEY (`id`) USING BTREE
) ENGINE = InnoDB AUTO_INCREMENT = 27 CHARACTER SET = utf8mb4 COLLATE = utf8mb4_unicode_ci ROW_FORMAT = Dynamic;

-- ----------------------------
-- Records of django_migrations
-- ----------------------------
INSERT INTO `django_migrations` VALUES (1, 'contenttypes', '0001_initial', '2026-01-27 13:23:13.242945');
INSERT INTO `django_migrations` VALUES (2, 'auth', '0001_initial', '2026-01-27 13:23:14.293046');
INSERT INTO `django_migrations` VALUES (3, 'admin', '0001_initial', '2026-01-27 13:23:14.484057');
INSERT INTO `django_migrations` VALUES (4, 'admin', '0002_logentry_remove_auto_add', '2026-01-27 13:23:14.493047');
INSERT INTO `django_migrations` VALUES (5, 'admin', '0003_logentry_add_action_flag_choices', '2026-01-27 13:23:14.503399');
INSERT INTO `django_migrations` VALUES (6, 'contenttypes', '0002_remove_content_type_name', '2026-01-27 13:23:14.649385');
INSERT INTO `django_migrations` VALUES (7, 'auth', '0002_alter_permission_name_max_length', '2026-01-27 13:23:14.737080');
INSERT INTO `django_migrations` VALUES (8, 'auth', '0003_alter_user_email_max_length', '2026-01-27 13:23:14.766772');
INSERT INTO `django_migrations` VALUES (9, 'auth', '0004_alter_user_username_opts', '2026-01-27 13:23:14.774683');
INSERT INTO `django_migrations` VALUES (10, 'auth', '0005_alter_user_last_login_null', '2026-01-27 13:23:14.845594');
INSERT INTO `django_migrations` VALUES (11, 'auth', '0006_require_contenttypes_0002', '2026-01-27 13:23:14.848207');
INSERT INTO `django_migrations` VALUES (12, 'auth', '0007_alter_validators_add_error_messages', '2026-01-27 13:23:14.856631');
INSERT INTO `django_migrations` VALUES (13, 'auth', '0008_alter_user_username_max_length', '2026-01-27 13:23:14.937407');
INSERT INTO `django_migrations` VALUES (14, 'auth', '0009_alter_user_last_name_max_length', '2026-01-27 13:23:15.026656');
INSERT INTO `django_migrations` VALUES (15, 'auth', '0010_alter_group_name_max_length', '2026-01-27 13:23:15.047533');
INSERT INTO `django_migrations` VALUES (16, 'auth', '0011_update_proxy_permissions', '2026-01-27 13:23:15.056003');
INSERT INTO `django_migrations` VALUES (17, 'auth', '0012_alter_user_first_name_max_length', '2026-01-27 13:23:15.135996');
INSERT INTO `django_migrations` VALUES (18, 'sessions', '0001_initial', '2026-01-27 13:23:15.188912');
INSERT INTO `django_migrations` VALUES (19, 'accounts', '0001_initial', '2026-01-27 14:00:56.898068');
INSERT INTO `django_migrations` VALUES (20, 'employees', '0001_initial', '2026-01-27 14:33:59.451014');
INSERT INTO `django_migrations` VALUES (21, 'schedules', '0001_initial', '2026-01-27 14:46:50.156134');
INSERT INTO `django_migrations` VALUES (22, 'attendance', '0001_initial', '2026-01-27 15:00:30.648177');
INSERT INTO `django_migrations` VALUES (23, 'leaves', '0001_initial', '2026-01-28 11:45:47.681305');
INSERT INTO `django_migrations` VALUES (24, 'salaries', '0001_initial', '2026-01-28 11:45:48.148442');
INSERT INTO `django_migrations` VALUES (25, 'accounts', '0002_systemsettings', '2026-01-28 14:21:09.098236');
INSERT INTO `django_migrations` VALUES (26, 'attendance', '0002_remove_overtime_hours_column', '2026-01-29 11:55:58.624128');

-- ----------------------------
-- Table structure for django_session
-- ----------------------------
DROP TABLE IF EXISTS `django_session`;
CREATE TABLE `django_session`  (
  `session_key` varchar(40) CHARACTER SET utf8mb4 COLLATE utf8mb4_unicode_ci NOT NULL,
  `session_data` longtext CHARACTER SET utf8mb4 COLLATE utf8mb4_unicode_ci NOT NULL,
  `expire_date` datetime(6) NOT NULL,
  PRIMARY KEY (`session_key`) USING BTREE,
  INDEX `django_session_expire_date_a5c62663`(`expire_date` ASC) USING BTREE
) ENGINE = InnoDB CHARACTER SET = utf8mb4 COLLATE = utf8mb4_unicode_ci ROW_FORMAT = Dynamic;

-- ----------------------------
-- Records of django_session
-- ----------------------------

-- ----------------------------
-- Table structure for employee_profiles
-- ----------------------------
DROP TABLE IF EXISTS `employee_profiles`;
CREATE TABLE `employee_profiles`  (
  `id` bigint NOT NULL AUTO_INCREMENT,
  `name` varchar(50) CHARACTER SET utf8mb4 COLLATE utf8mb4_unicode_ci NOT NULL,
  `gender` varchar(10) CHARACTER SET utf8mb4 COLLATE utf8mb4_unicode_ci NOT NULL,
  `phone` varchar(20) CHARACTER SET utf8mb4 COLLATE utf8mb4_unicode_ci NOT NULL,
  `id_card` varchar(18) CHARACTER SET utf8mb4 COLLATE utf8mb4_unicode_ci NULL DEFAULT NULL,
  `address` varchar(255) CHARACTER SET utf8mb4 COLLATE utf8mb4_unicode_ci NULL DEFAULT NULL,
  `position` varchar(20) CHARACTER SET utf8mb4 COLLATE utf8mb4_unicode_ci NOT NULL,
  `entry_date` date NOT NULL,
  `status` varchar(20) CHARACTER SET utf8mb4 COLLATE utf8mb4_unicode_ci NOT NULL,
  `health_certificate_no` varchar(50) CHARACTER SET utf8mb4 COLLATE utf8mb4_unicode_ci NULL DEFAULT NULL,
  `health_certificate_expiry` date NULL DEFAULT NULL,
  `health_certificate_url` varchar(255) CHARACTER SET utf8mb4 COLLATE utf8mb4_unicode_ci NULL DEFAULT NULL,
  `chef_certificate_level` varchar(20) CHARACTER SET utf8mb4 COLLATE utf8mb4_unicode_ci NULL DEFAULT NULL,
  `created_at` datetime(6) NOT NULL,
  `updated_at` datetime(6) NOT NULL,
  PRIMARY KEY (`id`) USING BTREE,
  UNIQUE INDEX `id_card`(`id_card` ASC) USING BTREE
) ENGINE = InnoDB AUTO_INCREMENT = 307 CHARACTER SET = utf8mb4 COLLATE = utf8mb4_unicode_ci ROW_FORMAT = Dynamic;

-- ----------------------------
-- Records of employee_profiles
-- ----------------------------
INSERT INTO `employee_profiles` VALUES (206, '刘丽', 'FEMALE', '13597926248', '21473519810514158', '深圳市某区某街道某号', 'CHEF', '2024-06-11', 'ACTIVE', 'H15175566', '2027-04-02', NULL, '中级', '2026-01-29 11:57:34.986959', '2026-01-29 11:57:34.986959');
INSERT INTO `employee_profiles` VALUES (207, '傅小红', 'MALE', '13847750424', '54370619730515217', '深圳市某区某街道某号', 'CHEF', '2023-10-26', 'ACTIVE', 'H39971695', '2028-10-03', NULL, '初级', '2026-01-29 11:57:34.986959', '2026-01-29 11:57:34.986959');
INSERT INTO `employee_profiles` VALUES (208, '唐秋菊', 'FEMALE', '13392915261', '60497219740408257', NULL, 'CHEF', '2024-02-29', 'ACTIVE', 'H17355748', '2028-03-10', NULL, '高级技师', '2026-01-29 11:57:34.986959', '2026-01-29 11:57:34.986959');
INSERT INTO `employee_profiles` VALUES (209, '丁秀华', 'FEMALE', '13771231943', '29670719940505704', '上海市某区某街道某号', 'CHEF', '2022-12-14', 'ACTIVE', 'H44921056', '2028-02-17', NULL, NULL, '2026-01-29 11:57:34.986959', '2026-01-29 11:57:34.986959');
INSERT INTO `employee_profiles` VALUES (210, '林春梅', 'MALE', '13049122212', NULL, '深圳市某区某街道某号', 'CHEF', '2025-03-02', 'ACTIVE', 'H59579877', '2027-10-14', NULL, '技师', '2026-01-29 11:57:34.986959', '2026-01-29 11:57:34.986959');
INSERT INTO `employee_profiles` VALUES (211, '李丽丽', 'MALE', '13531545308', '41191619901113111', '深圳市某区某街道某号', 'CHEF', '2025-03-19', 'ACTIVE', 'H45185961', '2028-01-08', NULL, '技师', '2026-01-29 11:57:34.986959', '2026-01-29 11:57:34.986959');
INSERT INTO `employee_profiles` VALUES (212, '林志强', 'FEMALE', '13348275105', '40455720050811696', '深圳市某区某街道某号', 'CHEF', '2023-10-26', 'INACTIVE', 'H85427018', '2028-01-02', NULL, '技师', '2026-01-29 11:57:34.986959', '2026-01-29 11:57:34.986959');
INSERT INTO `employee_profiles` VALUES (213, '魏春华', 'MALE', '13335762346', '30698219730324861', '上海市某区某街道某号', 'CHEF', '2022-04-01', 'ACTIVE', 'H34443153', '2028-02-01', NULL, '初级', '2026-01-29 11:57:34.986959', '2026-01-29 11:57:34.986959');
INSERT INTO `employee_profiles` VALUES (214, '徐瑞华', 'MALE', '13555758701', '24404020000115148', '上海市某区某街道某号', 'CHEF', '2025-04-15', 'ACTIVE', 'H16670572', '2027-05-27', NULL, '高级技师', '2026-01-29 11:57:34.986959', '2026-01-29 11:57:34.986959');
INSERT INTO `employee_profiles` VALUES (215, '程志明', 'FEMALE', '13174892896', '33710919941224971', NULL, 'CHEF', '2024-03-30', 'ACTIVE', 'H15681458', '2028-06-05', NULL, '高级', '2026-01-29 11:57:34.986959', '2026-01-29 11:57:34.986959');
INSERT INTO `employee_profiles` VALUES (216, '徐秀兰', 'MALE', '13181276244', '32010619930515132', '北京市某区某街道某号', 'CHEF', '2022-04-08', 'ACTIVE', 'H66371181', '2028-12-08', NULL, '高级技师', '2026-01-29 11:57:34.986959', '2026-01-29 11:57:34.986959');
INSERT INTO `employee_profiles` VALUES (217, '黄丽芳', 'FEMALE', '13021834229', '50287419841126106', '广州市某区某街道某号', 'CHEF', '2022-08-23', 'ACTIVE', 'H35429047', '2028-02-12', NULL, NULL, '2026-01-29 11:57:34.986959', '2026-01-29 11:57:34.986959');
INSERT INTO `employee_profiles` VALUES (218, '郭玉芬', 'MALE', '13590259271', '31309119771207351', '广州市某区某街道某号', 'CHEF', '2024-05-26', 'ACTIVE', 'H40948443', '2028-03-26', NULL, NULL, '2026-01-29 11:57:34.986959', '2026-01-29 11:57:34.986959');
INSERT INTO `employee_profiles` VALUES (219, '傅建平', 'FEMALE', '13539169735', '30010019830321919', '深圳市某区某街道某号', 'CHEF', '2025-08-07', 'INACTIVE', 'H26100346', '2027-10-15', NULL, '高级', '2026-01-29 11:57:34.986959', '2026-01-29 11:57:34.986959');
INSERT INTO `employee_profiles` VALUES (220, '朱晓东', 'FEMALE', '13110834457', '25058519970508588', '上海市某区某街道某号', 'CHEF', '2023-05-18', 'ACTIVE', 'H46508343', '2028-10-16', NULL, NULL, '2026-01-29 11:57:34.986959', '2026-01-29 11:57:34.986959');
INSERT INTO `employee_profiles` VALUES (221, '冯晓军', 'MALE', '13233426774', NULL, '深圳市某区某街道某号', 'PASTRY', '2024-03-01', 'ACTIVE', 'H42973103', '2028-02-18', NULL, '高级技师', '2026-01-29 11:57:34.986959', '2026-01-29 11:57:34.986959');
INSERT INTO `employee_profiles` VALUES (222, '彭强', 'MALE', '13843833490', '62214519850106263', NULL, 'PASTRY', '2024-09-30', 'ACTIVE', 'H58838723', '2027-11-20', NULL, '高级技师', '2026-01-29 11:57:34.986959', '2026-01-29 11:57:34.986959');
INSERT INTO `employee_profiles` VALUES (223, '赵光华', 'MALE', '13750883852', '55550720021104724', '广州市某区某街道某号', 'PASTRY', '2025-09-10', 'ACTIVE', 'H94357926', '2028-07-23', NULL, '中级', '2026-01-29 11:57:34.986959', '2026-01-29 11:57:34.986959');
INSERT INTO `employee_profiles` VALUES (224, '朱光华', 'MALE', '13670031243', '62021520050811368', NULL, 'PASTRY', '2024-02-12', 'ACTIVE', 'H36549445', '2027-07-13', NULL, NULL, '2026-01-29 11:57:34.986959', '2026-01-29 11:57:34.986959');
INSERT INTO `employee_profiles` VALUES (225, '张杰', 'MALE', '13333214204', '16921919960816157', '北京市某区某街道某号', 'PASTRY', '2024-09-08', 'ACTIVE', 'H94935237', '2028-08-03', NULL, '高级', '2026-01-29 11:57:34.986959', '2026-01-29 11:57:34.986959');
INSERT INTO `employee_profiles` VALUES (226, '胡红', 'MALE', '13016804203', NULL, '北京市某区某街道某号', 'PASTRY', '2022-10-22', 'ACTIVE', 'H61009136', '2027-03-14', NULL, NULL, '2026-01-29 11:57:34.986959', '2026-01-29 11:57:34.986959');
INSERT INTO `employee_profiles` VALUES (227, '韩光华', 'MALE', '13220570284', '25234119820516324', NULL, 'PASTRY', '2024-04-09', 'ACTIVE', 'H84855457', '2027-08-08', NULL, '中级', '2026-01-29 11:57:34.986959', '2026-01-29 11:57:34.986959');
INSERT INTO `employee_profiles` VALUES (228, '高秀琴', 'MALE', '13996969878', '50830919941001208', '深圳市某区某街道某号', 'PASTRY', '2022-05-12', 'ACTIVE', 'H53157232', '2027-05-20', NULL, NULL, '2026-01-29 11:57:34.986959', '2026-01-29 11:57:34.986959');
INSERT INTO `employee_profiles` VALUES (229, '王建平', 'FEMALE', '13437698267', '38068119731008950', '广州市某区某街道某号', 'PASTRY', '2025-07-13', 'ACTIVE', 'H62272745', '2027-03-26', NULL, '初级', '2026-01-29 11:57:34.986959', '2026-01-29 11:57:34.986959');
INSERT INTO `employee_profiles` VALUES (230, '罗建军', 'FEMALE', '13118608064', '30730419900812990', NULL, 'PASTRY', '2024-09-19', 'ACTIVE', 'H62863792', '2028-06-19', NULL, '技师', '2026-01-29 11:57:34.986959', '2026-01-29 11:57:34.986959');
INSERT INTO `employee_profiles` VALUES (231, '叶建新', 'MALE', '13749199619', '11698119730122876', '深圳市某区某街道某号', 'PASTRY', '2024-08-06', 'ACTIVE', 'H53998241', '2028-06-14', NULL, NULL, '2026-01-29 11:57:34.986959', '2026-01-29 11:57:34.986959');
INSERT INTO `employee_profiles` VALUES (232, '唐秋菊', 'FEMALE', '13458529262', '55402919900214792', NULL, 'PASTRY', '2022-11-08', 'ACTIVE', 'H52261097', '2027-09-18', NULL, '技师', '2026-01-29 11:57:34.986959', '2026-01-29 11:57:34.986959');
INSERT INTO `employee_profiles` VALUES (233, '周丽丽', 'MALE', '13041607969', '38911419710921419', NULL, 'PREP', '2022-11-22', 'ACTIVE', 'H14582312', '2028-08-09', NULL, NULL, '2026-01-29 11:57:34.986959', '2026-01-29 11:57:34.986959');
INSERT INTO `employee_profiles` VALUES (234, '叶建军', 'FEMALE', '13887968939', '60635619850706105', '广州市某区某街道某号', 'PREP', '2025-10-23', 'ACTIVE', 'H36339853', '2027-12-16', NULL, NULL, '2026-01-29 11:57:34.986959', '2026-01-29 11:57:34.986959');
INSERT INTO `employee_profiles` VALUES (235, '叶秀娟', 'FEMALE', '13055281458', '40419919821220254', NULL, 'PREP', '2022-05-16', 'ACTIVE', 'H96217767', '2027-05-03', NULL, NULL, '2026-01-29 11:57:34.986959', '2026-01-29 11:57:34.986959');
INSERT INTO `employee_profiles` VALUES (236, '李明', 'FEMALE', '13754390510', '30055219971224262', NULL, 'PREP', '2022-09-11', 'ACTIVE', 'H56352386', '2028-10-15', NULL, NULL, '2026-01-29 11:57:34.986959', '2026-01-29 11:57:34.986959');
INSERT INTO `employee_profiles` VALUES (237, '马秀兰', 'MALE', '13322832186', '57716719950509245', '深圳市某区某街道某号', 'PREP', '2025-09-24', 'ACTIVE', 'H59716707', '2028-02-04', NULL, NULL, '2026-01-29 11:57:34.986959', '2026-01-29 11:57:34.986959');
INSERT INTO `employee_profiles` VALUES (238, '魏秀兰', 'FEMALE', '13972328361', NULL, '广州市某区某街道某号', 'PREP', '2023-05-31', 'ACTIVE', 'H12092403', '2027-03-25', NULL, NULL, '2026-01-29 11:57:34.986959', '2026-01-29 11:57:34.986959');
INSERT INTO `employee_profiles` VALUES (239, '韩敏', 'MALE', '13611749653', '45601919710803760', '上海市某区某街道某号', 'PREP', '2025-04-16', 'ACTIVE', 'H52386589', '2027-12-04', NULL, NULL, '2026-01-29 11:57:34.986959', '2026-01-29 11:57:34.986959');
INSERT INTO `employee_profiles` VALUES (240, '何建军', 'MALE', '13983640271', '30328019920925365', NULL, 'PREP', '2022-05-14', 'ACTIVE', 'H17904447', '2027-04-28', NULL, NULL, '2026-01-29 11:57:34.986959', '2026-01-29 11:57:34.986959');
INSERT INTO `employee_profiles` VALUES (241, '蔡爱华', 'MALE', '13722691205', '48626319760809163', '北京市某区某街道某号', 'PREP', '2025-12-12', 'ACTIVE', 'H40731438', '2027-08-27', NULL, NULL, '2026-01-29 11:57:34.986959', '2026-01-29 11:57:34.986959');
INSERT INTO `employee_profiles` VALUES (242, '丁晓丽', 'MALE', '13985246259', '19898620010322767', '上海市某区某街道某号', 'PREP', '2025-03-21', 'ACTIVE', 'H16132445', '2028-09-27', NULL, NULL, '2026-01-29 11:57:34.986959', '2026-01-29 11:57:34.986959');
INSERT INTO `employee_profiles` VALUES (243, '李芳', 'FEMALE', '13873382523', '29339320050319975', '深圳市某区某街道某号', 'PREP', '2023-04-27', 'INACTIVE', 'H19365025', '2028-04-05', NULL, NULL, '2026-01-29 11:57:34.986959', '2026-01-29 11:57:34.986959');
INSERT INTO `employee_profiles` VALUES (244, '赵建平', 'FEMALE', '13299014503', '36503919820210940', '深圳市某区某街道某号', 'PREP', '2025-08-21', 'ACTIVE', 'H67030431', '2027-02-12', NULL, NULL, '2026-01-29 11:57:34.986959', '2026-01-29 11:57:34.986959');
INSERT INTO `employee_profiles` VALUES (245, '傅玉华', 'FEMALE', '13763006656', '55304919950808688', NULL, 'PREP', '2025-11-19', 'ACTIVE', 'H90465494', '2028-08-06', NULL, NULL, '2026-01-29 11:57:34.986959', '2026-01-29 11:57:34.986959');
INSERT INTO `employee_profiles` VALUES (246, '林秀珍', 'FEMALE', '13254594283', '20185519910501761', '深圳市某区某街道某号', 'PREP', '2025-06-24', 'ACTIVE', 'H47990685', '2027-11-01', NULL, NULL, '2026-01-29 11:57:34.986959', '2026-01-29 11:57:34.986959');
INSERT INTO `employee_profiles` VALUES (247, '高春梅', 'MALE', '13899415748', '55224419720528572', '深圳市某区某街道某号', 'PREP', '2024-01-10', 'ACTIVE', 'H77012148', '2027-12-18', NULL, NULL, '2026-01-29 11:57:34.986959', '2026-01-29 11:57:34.988399');
INSERT INTO `employee_profiles` VALUES (248, '叶秀英', 'FEMALE', '13167422076', NULL, '深圳市某区某街道某号', 'PREP', '2025-05-23', 'ACTIVE', 'H35619290', '2028-10-01', NULL, NULL, '2026-01-29 11:57:34.988399', '2026-01-29 11:57:34.988399');
INSERT INTO `employee_profiles` VALUES (249, '薛建平', 'MALE', '13691631323', '25880819701001775', NULL, 'PREP', '2025-10-01', 'ACTIVE', 'H65846218', '2028-02-23', NULL, NULL, '2026-01-29 11:57:34.988399', '2026-01-29 11:57:34.988399');
INSERT INTO `employee_profiles` VALUES (250, '高晓军', 'FEMALE', '13495324208', '53850119860604944', '广州市某区某街道某号', 'PREP', '2023-06-13', 'LEAVE_WITHOUT_PAY', 'H61605999', '2028-04-25', NULL, NULL, '2026-01-29 11:57:34.988399', '2026-01-29 11:57:34.988399');
INSERT INTO `employee_profiles` VALUES (251, '周芳', 'MALE', '13255905139', '32122519890604111', '北京市某区某街道某号', 'PREP', '2025-08-12', 'ACTIVE', 'H67745974', '2028-06-18', NULL, NULL, '2026-01-29 11:57:34.988399', '2026-01-29 11:57:34.988399');
INSERT INTO `employee_profiles` VALUES (252, '蔡晓丽', 'MALE', '13063500180', '19094519810719325', '深圳市某区某街道某号', 'PREP', '2022-11-20', 'ACTIVE', 'H43205433', '2027-12-01', NULL, NULL, '2026-01-29 11:57:34.988399', '2026-01-29 11:57:34.988399');
INSERT INTO `employee_profiles` VALUES (253, '吕建平', 'MALE', '13543963107', '40851019920516541', '深圳市某区某街道某号', 'CLEANER', '2024-08-02', 'ACTIVE', 'H42741393', '2027-07-08', NULL, NULL, '2026-01-29 11:57:34.988399', '2026-01-29 11:57:34.988399');
INSERT INTO `employee_profiles` VALUES (254, '张玉芬', 'FEMALE', '13131228712', '22575119890813502', NULL, 'CLEANER', '2022-03-12', 'ACTIVE', 'H74846864', '2027-06-21', NULL, NULL, '2026-01-29 11:57:34.988399', '2026-01-29 11:57:34.988399');
INSERT INTO `employee_profiles` VALUES (255, '梁华', 'MALE', '13978699790', '64411519790523157', NULL, 'CLEANER', '2023-01-14', 'ACTIVE', 'H47459210', '2027-09-29', NULL, NULL, '2026-01-29 11:57:34.988399', '2026-01-29 11:57:34.988399');
INSERT INTO `employee_profiles` VALUES (256, '吕艳', 'FEMALE', '13687435245', '37013419880318954', '北京市某区某街道某号', 'CLEANER', '2023-03-23', 'ACTIVE', 'H30231236', '2028-08-07', NULL, NULL, '2026-01-29 11:57:34.988399', '2026-01-29 11:57:34.988399');
INSERT INTO `employee_profiles` VALUES (257, '曾秀珍', 'FEMALE', '13840587661', '43812020041021279', NULL, 'CLEANER', '2022-12-07', 'ACTIVE', 'H82694243', '2027-07-24', NULL, NULL, '2026-01-29 11:57:34.988399', '2026-01-29 11:57:34.988399');
INSERT INTO `employee_profiles` VALUES (258, '蒋玉芬', 'MALE', '13585909689', '44077520021110252', '广州市某区某街道某号', 'CLEANER', '2025-07-25', 'ACTIVE', 'H54702501', '2027-09-09', NULL, NULL, '2026-01-29 11:57:34.988399', '2026-01-29 11:57:34.988399');
INSERT INTO `employee_profiles` VALUES (259, '杨建国', 'FEMALE', '13253135612', '21056019700506127', NULL, 'CLEANER', '2022-06-18', 'ACTIVE', 'H39749621', '2028-03-07', NULL, NULL, '2026-01-29 11:57:34.988730', '2026-01-29 11:57:34.988730');
INSERT INTO `employee_profiles` VALUES (260, '蔡爱华', 'MALE', '13489241582', '40860919890207275', '深圳市某区某街道某号', 'CLEANER', '2025-06-29', 'ACTIVE', 'H53933330', '2028-06-16', NULL, NULL, '2026-01-29 11:57:34.988730', '2026-01-29 11:57:34.988730');
INSERT INTO `employee_profiles` VALUES (261, '吕艳', 'MALE', '13496356227', '18201620010822577', '深圳市某区某街道某号', 'CLEANER', '2024-04-15', 'ACTIVE', 'H25529957', '2028-06-11', NULL, NULL, '2026-01-29 11:57:34.988730', '2026-01-29 11:57:34.988730');
INSERT INTO `employee_profiles` VALUES (262, '彭爱华', 'MALE', '13052296222', '14102519890817645', NULL, 'CLEANER', '2023-08-29', 'LEAVE_WITHOUT_PAY', 'H27450625', '2028-12-30', NULL, NULL, '2026-01-29 11:57:34.988730', '2026-01-29 11:57:34.988730');
INSERT INTO `employee_profiles` VALUES (263, '阎超', 'FEMALE', '13758460247', '59355119940316914', '广州市某区某街道某号', 'CLEANER', '2022-11-09', 'ACTIVE', 'H60958954', '2028-05-26', NULL, NULL, '2026-01-29 11:57:34.988730', '2026-01-29 11:57:34.988730');
INSERT INTO `employee_profiles` VALUES (264, '杨桂英', 'MALE', '13973338051', '41810819990511857', NULL, 'CLEANER', '2022-01-11', 'ACTIVE', 'H15745932', '2027-06-19', NULL, NULL, '2026-01-29 11:57:34.988730', '2026-01-29 11:57:34.988730');
INSERT INTO `employee_profiles` VALUES (265, '曾建国', 'FEMALE', '13190154300', '63563220011101561', NULL, 'CLEANER', '2024-05-15', 'ACTIVE', 'H69214659', '2027-08-14', NULL, NULL, '2026-01-29 11:57:34.988730', '2026-01-29 11:57:34.988730');
INSERT INTO `employee_profiles` VALUES (266, '邓秀娟', 'MALE', '13649017093', '18760319961023187', '广州市某区某街道某号', 'CLEANER', '2023-03-26', 'ACTIVE', 'H32195600', '2027-02-24', NULL, NULL, '2026-01-29 11:57:34.988730', '2026-01-29 11:57:34.988730');
INSERT INTO `employee_profiles` VALUES (267, '叶伟', 'MALE', '13748509867', '36539819740115363', '广州市某区某街道某号', 'CLEANER', '2023-07-08', 'ACTIVE', 'H75440553', '2027-11-05', NULL, NULL, '2026-01-29 11:57:34.988730', '2026-01-29 11:57:34.988730');
INSERT INTO `employee_profiles` VALUES (268, '贾艳', 'MALE', '13983125577', '58420019900812253', '北京市某区某街道某号', 'CLEANER', '2022-02-04', 'ACTIVE', 'H50961084', '2027-07-10', NULL, NULL, '2026-01-29 11:57:34.988730', '2026-01-29 11:57:34.988730');
INSERT INTO `employee_profiles` VALUES (269, '周秀芳', 'FEMALE', '13847160358', '20217719780328369', NULL, 'CLEANER', '2025-06-09', 'LEAVE_WITHOUT_PAY', 'H59151990', '2028-11-10', NULL, NULL, '2026-01-29 11:57:34.988730', '2026-01-29 11:57:34.988730');
INSERT INTO `employee_profiles` VALUES (270, '萧建平', 'FEMALE', '13973050402', '15948719850911499', '北京市某区某街道某号', 'CLEANER', '2025-11-26', 'ACTIVE', 'H63324052', '2028-08-28', NULL, NULL, '2026-01-29 11:57:34.988730', '2026-01-29 11:57:34.988730');
INSERT INTO `employee_profiles` VALUES (271, '曹玉珍', 'FEMALE', '13498655414', '60668619850620229', NULL, 'CLEANER', '2025-02-20', 'ACTIVE', 'H18567564', '2028-01-19', NULL, NULL, '2026-01-29 11:57:34.988730', '2026-01-29 11:57:34.988730');
INSERT INTO `employee_profiles` VALUES (272, '高小红', 'MALE', '13565749528', '51150720000526712', '深圳市某区某街道某号', 'CLEANER', '2025-04-16', 'ACTIVE', 'H44663243', '2028-05-03', NULL, NULL, '2026-01-29 11:57:34.988730', '2026-01-29 11:57:34.988730');
INSERT INTO `employee_profiles` VALUES (273, '傅志明', 'MALE', '13070229762', '26296919770424965', '广州市某区某街道某号', 'CLEANER', '2025-06-03', 'ACTIVE', 'H98174202', '2028-12-23', NULL, NULL, '2026-01-29 11:57:34.988730', '2026-01-29 11:57:34.988730');
INSERT INTO `employee_profiles` VALUES (274, '董秀兰', 'MALE', '13297477207', '51050319891108103', '上海市某区某街道某号', 'CLEANER', '2025-11-15', 'ACTIVE', 'H17333926', '2028-12-13', NULL, NULL, '2026-01-29 11:57:34.988730', '2026-01-29 11:57:34.988730');
INSERT INTO `employee_profiles` VALUES (275, '许秀兰', 'FEMALE', '13467554469', NULL, '广州市某区某街道某号', 'CLEANER', '2022-12-25', 'ACTIVE', 'H56156614', '2028-08-20', NULL, NULL, '2026-01-29 11:57:34.988730', '2026-01-29 11:57:34.988730');
INSERT INTO `employee_profiles` VALUES (276, '沈秋菊', 'FEMALE', '13767193710', '30637819920101388', NULL, 'CLEANER', '2024-05-26', 'ACTIVE', 'H46775598', '2027-11-12', NULL, NULL, '2026-01-29 11:57:34.988730', '2026-01-29 11:57:34.988730');
INSERT INTO `employee_profiles` VALUES (277, '薛建文', 'FEMALE', '13735546484', NULL, '深圳市某区某街道某号', 'CLEANER', '2023-04-27', 'ACTIVE', 'H17183778', '2027-10-20', NULL, NULL, '2026-01-29 11:57:34.988730', '2026-01-29 11:57:34.988730');
INSERT INTO `employee_profiles` VALUES (278, '高晓娟', 'FEMALE', '13828381626', '59800819820406182', '深圳市某区某街道某号', 'SERVER', '2022-01-09', 'ACTIVE', 'H90021282', '2028-07-04', NULL, NULL, '2026-01-29 11:57:34.988730', '2026-01-29 11:57:34.988730');
INSERT INTO `employee_profiles` VALUES (279, '薛勇', 'FEMALE', '13460516726', '40198319940811794', '北京市某区某街道某号', 'SERVER', '2025-08-09', 'ACTIVE', 'H87066191', '2027-04-09', NULL, NULL, '2026-01-29 11:57:34.988730', '2026-01-29 11:57:34.988730');
INSERT INTO `employee_profiles` VALUES (280, '薛秀荣', 'FEMALE', '13340759573', '61503220030815231', '广州市某区某街道某号', 'SERVER', '2024-04-07', 'ACTIVE', 'H53256431', '2027-11-30', NULL, NULL, '2026-01-29 11:57:34.988730', '2026-01-29 11:57:34.988730');
INSERT INTO `employee_profiles` VALUES (281, '马建平', 'MALE', '13074915033', NULL, NULL, 'SERVER', '2022-02-08', 'ACTIVE', 'H96144387', '2028-03-03', NULL, NULL, '2026-01-29 11:57:34.988730', '2026-01-29 11:57:34.988730');
INSERT INTO `employee_profiles` VALUES (282, '刘瑞华', 'MALE', '13413854695', '30570220020322815', '上海市某区某街道某号', 'SERVER', '2025-12-24', 'ACTIVE', 'H99308048', '2028-05-20', NULL, NULL, '2026-01-29 11:57:34.988730', '2026-01-29 11:57:34.988730');
INSERT INTO `employee_profiles` VALUES (283, '林静', 'FEMALE', '13335009218', '29797519980925988', NULL, 'SERVER', '2025-09-21', 'ACTIVE', 'H27610554', '2028-05-07', NULL, NULL, '2026-01-29 11:57:34.988730', '2026-01-29 11:57:34.988730');
INSERT INTO `employee_profiles` VALUES (284, '唐文静', 'FEMALE', '13215585802', '38012719830426857', '上海市某区某街道某号', 'SERVER', '2024-05-12', 'ACTIVE', 'H29970117', '2027-02-03', NULL, NULL, '2026-01-29 11:57:34.988730', '2026-01-29 11:57:34.988730');
INSERT INTO `employee_profiles` VALUES (285, '周秀珍', 'FEMALE', '13730115697', '54927919720501726', '北京市某区某街道某号', 'SERVER', '2022-04-27', 'ACTIVE', 'H54048893', '2027-05-29', NULL, NULL, '2026-01-29 11:57:34.988730', '2026-01-29 11:57:34.988730');
INSERT INTO `employee_profiles` VALUES (286, '袁秀华', 'FEMALE', '13629012529', '65118219720919136', NULL, 'SERVER', '2022-11-06', 'ACTIVE', 'H51589462', '2028-07-18', NULL, NULL, '2026-01-29 11:57:34.988730', '2026-01-29 11:57:34.988730');
INSERT INTO `employee_profiles` VALUES (287, '何涛', 'FEMALE', '13920851742', '52312319940925885', '广州市某区某街道某号', 'SERVER', '2023-12-08', 'ACTIVE', 'H36032912', '2028-02-11', NULL, NULL, '2026-01-29 11:57:34.988730', '2026-01-29 11:57:34.988730');
INSERT INTO `employee_profiles` VALUES (288, '曾秀云', 'MALE', '13663840378', '54764419861201211', '深圳市某区某街道某号', 'SERVER', '2025-03-04', 'ACTIVE', 'H78947041', '2028-05-15', NULL, NULL, '2026-01-29 11:57:34.988730', '2026-01-29 11:57:34.988730');
INSERT INTO `employee_profiles` VALUES (289, '冯晓丽', 'FEMALE', '13273385816', '53838319831222373', NULL, 'SERVER', '2025-09-13', 'ACTIVE', 'H60692672', '2027-04-05', NULL, NULL, '2026-01-29 11:57:34.988730', '2026-01-29 11:57:34.988730');
INSERT INTO `employee_profiles` VALUES (290, '张玉莲', 'MALE', '13754008591', '64682420000615488', '深圳市某区某街道某号', 'SERVER', '2023-12-02', 'LEAVE_WITHOUT_PAY', 'H38603309', '2027-03-02', NULL, NULL, '2026-01-29 11:57:34.988730', '2026-01-29 11:57:34.988730');
INSERT INTO `employee_profiles` VALUES (291, '黄秀娟', 'FEMALE', '13728150039', '65987219790116384', '上海市某区某街道某号', 'SERVER', '2024-12-31', 'ACTIVE', 'H47731246', '2027-07-29', NULL, NULL, '2026-01-29 11:57:34.988730', '2026-01-29 11:57:34.988730');
INSERT INTO `employee_profiles` VALUES (292, '董玉兰', 'MALE', '13157185460', '16119919900214316', '广州市某区某街道某号', 'SERVER', '2024-08-02', 'ACTIVE', 'H94102387', '2028-04-18', NULL, NULL, '2026-01-29 11:57:34.988730', '2026-01-29 11:57:34.988730');
INSERT INTO `employee_profiles` VALUES (293, '阎秀芬', 'MALE', '13157884843', '55290319980506117', '上海市某区某街道某号', 'SERVER', '2025-04-23', 'ACTIVE', 'H77583049', '2028-08-07', NULL, NULL, '2026-01-29 11:57:34.988730', '2026-01-29 11:57:34.988730');
INSERT INTO `employee_profiles` VALUES (294, '张丽英', 'FEMALE', '13476718965', '54335719790805922', '深圳市某区某街道某号', 'SERVER', '2022-04-05', 'ACTIVE', 'H50841201', '2028-07-08', NULL, NULL, '2026-01-29 11:57:34.988730', '2026-01-29 11:57:34.988730');
INSERT INTO `employee_profiles` VALUES (295, '杨丽', 'MALE', '13551270422', '58906219730219360', '深圳市某区某街道某号', 'SERVER', '2025-05-07', 'ACTIVE', 'H25583219', '2027-11-19', NULL, NULL, '2026-01-29 11:57:34.988730', '2026-01-29 11:57:34.988730');
INSERT INTO `employee_profiles` VALUES (296, '傅秀芳', 'FEMALE', '13378898511', '51781519831001798', '上海市某区某街道某号', 'SERVER', '2022-03-18', 'ACTIVE', 'H12298379', '2027-03-11', NULL, NULL, '2026-01-29 11:57:34.988730', '2026-01-29 11:57:34.988730');
INSERT INTO `employee_profiles` VALUES (297, '萧静', 'MALE', '13394100627', '14465819790108631', '广州市某区某街道某号', 'SERVER', '2023-05-19', 'ACTIVE', 'H30947978', '2028-05-31', NULL, NULL, '2026-01-29 11:57:34.988730', '2026-01-29 11:57:34.988730');
INSERT INTO `employee_profiles` VALUES (298, '张志明', 'FEMALE', '13972208738', '11645320000123335', '深圳市某区某街道某号', 'MANAGER', '2025-02-08', 'ACTIVE', 'H29972653', '2027-11-01', NULL, NULL, '2026-01-29 11:57:34.988730', '2026-01-29 11:57:34.988730');
INSERT INTO `employee_profiles` VALUES (299, '蔡超', 'MALE', '13982164109', '38182320010207323', NULL, 'MANAGER', '2022-08-21', 'ACTIVE', 'H39507831', '2027-08-19', NULL, NULL, '2026-01-29 11:57:34.988730', '2026-01-29 11:57:34.988730');
INSERT INTO `employee_profiles` VALUES (300, '郑丽娟', 'MALE', '13317569874', NULL, '深圳市某区某街道某号', 'MANAGER', '2023-01-11', 'ACTIVE', 'H95681242', '2028-06-01', NULL, NULL, '2026-01-29 11:57:34.988730', '2026-01-29 11:57:34.988730');
INSERT INTO `employee_profiles` VALUES (301, '程玉兰', 'FEMALE', '13398795775', '35713119791025617', '深圳市某区某街道某号', 'MANAGER', '2025-09-22', 'ACTIVE', 'H46118323', '2027-12-25', NULL, NULL, '2026-01-29 11:57:34.988730', '2026-01-29 11:57:34.988730');
INSERT INTO `employee_profiles` VALUES (302, '董永强', 'FEMALE', '13528127769', '29783519701118924', '北京市某区某街道某号', 'MANAGER', '2024-02-07', 'ACTIVE', 'H38614849', '2027-04-01', NULL, NULL, '2026-01-29 11:57:34.989761', '2026-01-29 11:57:34.989761');
INSERT INTO `employee_profiles` VALUES (303, '黄丽娜', 'FEMALE', '13390604123', '14231719830322929', NULL, 'MANAGER', '2022-12-22', 'ACTIVE', 'H93571013', '2027-10-25', NULL, NULL, '2026-01-29 11:57:34.989761', '2026-01-29 11:57:34.989761');
INSERT INTO `employee_profiles` VALUES (304, '赵志明', 'FEMALE', '13237714047', '13392619810603279', '上海市某区某街道某号', 'MANAGER', '2023-11-17', 'ACTIVE', 'H20764943', '2028-06-03', NULL, NULL, '2026-01-29 11:57:34.989761', '2026-01-29 11:57:34.989761');
INSERT INTO `employee_profiles` VALUES (305, '胡建军', 'MALE', '13784497755', '48635619910225472', '广州市某区某街道某号', 'MANAGER', '2025-07-29', 'ACTIVE', 'H52716060', '2028-08-16', NULL, NULL, '2026-01-29 11:57:34.989761', '2026-01-29 11:57:34.989761');

-- ----------------------------
-- Table structure for leaves_leave_request
-- ----------------------------
DROP TABLE IF EXISTS `leaves_leave_request`;
CREATE TABLE `leaves_leave_request`  (
  `id` bigint NOT NULL AUTO_INCREMENT,
  `leave_type` varchar(20) CHARACTER SET utf8mb4 COLLATE utf8mb4_unicode_ci NOT NULL,
  `start_time` datetime(6) NOT NULL,
  `end_time` datetime(6) NOT NULL,
  `reason` longtext CHARACTER SET utf8mb4 COLLATE utf8mb4_unicode_ci NOT NULL,
  `status` varchar(20) CHARACTER SET utf8mb4 COLLATE utf8mb4_unicode_ci NOT NULL,
  `approval_remark` longtext CHARACTER SET utf8mb4 COLLATE utf8mb4_unicode_ci NOT NULL,
  `created_at` datetime(6) NOT NULL,
  `updated_at` datetime(6) NOT NULL,
  `approver_id` bigint NULL DEFAULT NULL,
  `employee_id` bigint NOT NULL,
  PRIMARY KEY (`id`) USING BTREE,
  INDEX `leaves_leave_request_approver_id_23202554_fk_employee_`(`approver_id` ASC) USING BTREE,
  INDEX `leaves_leav_employe_ddca43_idx`(`employee_id` ASC) USING BTREE,
  INDEX `leaves_leav_status_645df1_idx`(`status` ASC) USING BTREE,
  INDEX `leaves_leav_created_be1acd_idx`(`created_at` ASC) USING BTREE,
  INDEX `leaves_leav_start_t_865e70_idx`(`start_time` ASC) USING BTREE,
  CONSTRAINT `leaves_leave_request_approver_id_23202554_fk_employee_` FOREIGN KEY (`approver_id`) REFERENCES `employee_profiles` (`id`) ON DELETE RESTRICT ON UPDATE RESTRICT,
  CONSTRAINT `leaves_leave_request_employee_id_71c3d472_fk_employee_` FOREIGN KEY (`employee_id`) REFERENCES `employee_profiles` (`id`) ON DELETE RESTRICT ON UPDATE RESTRICT
) ENGINE = InnoDB AUTO_INCREMENT = 201 CHARACTER SET = utf8mb4 COLLATE = utf8mb4_unicode_ci ROW_FORMAT = Dynamic;

-- ----------------------------
-- Records of leaves_leave_request
-- ----------------------------
INSERT INTO `leaves_leave_request` VALUES (101, 'COMPENSATORY', '2026-01-14 09:00:00.000000', '2026-01-17 17:00:00.000000', '陪伴家人就医', 'APPROVED', '已确认，批准', '2026-01-29 11:57:35.189495', '2026-01-29 11:57:35.189495', 298, 213);
INSERT INTO `leaves_leave_request` VALUES (102, 'PERSONAL', '2026-01-03 09:00:00.000000', '2026-01-04 17:00:00.000000', '办理证件', 'PENDING', '', '2026-01-29 11:57:35.189495', '2026-01-29 11:57:35.189495', NULL, 252);
INSERT INTO `leaves_leave_request` VALUES (103, 'SICK', '2026-01-04 09:00:00.000000', '2026-01-05 17:00:00.000000', '家庭聚会', 'APPROVED', '特殊情况，同意', '2026-01-29 11:57:35.189495', '2026-01-29 11:57:35.189495', 301, 300);
INSERT INTO `leaves_leave_request` VALUES (104, 'SICK', '2026-01-17 09:00:00.000000', '2026-01-17 17:00:00.000000', '房屋装修', 'PENDING', '', '2026-01-29 11:57:35.189495', '2026-01-29 11:57:35.189495', NULL, 252);
INSERT INTO `leaves_leave_request` VALUES (105, 'PERSONAL', '2026-02-27 09:00:00.000000', '2026-03-05 17:00:00.000000', '陪伴家人就医', 'REJECTED', '请重新核对信息', '2026-01-29 11:57:35.189495', '2026-01-29 11:57:35.189495', 302, 259);
INSERT INTO `leaves_leave_request` VALUES (106, 'COMPENSATORY', '2026-01-01 09:00:00.000000', '2026-01-04 17:00:00.000000', '银行办事', 'PENDING', '', '2026-01-29 11:57:35.189495', '2026-01-29 11:57:35.189495', NULL, 251);
INSERT INTO `leaves_leave_request` VALUES (107, 'PERSONAL', '2026-01-13 09:00:00.000000', '2026-01-18 17:00:00.000000', '孩子学校有事', 'APPROVED', '批准', '2026-01-29 11:57:35.189495', '2026-01-29 11:57:35.189495', 299, 268);
INSERT INTO `leaves_leave_request` VALUES (108, 'SICK', '2026-02-28 09:00:00.000000', '2026-03-05 17:00:00.000000', '孩子学校有事', 'APPROVED', '批准', '2026-01-29 11:57:35.189495', '2026-01-29 11:57:35.189495', 301, 279);
INSERT INTO `leaves_leave_request` VALUES (109, 'PERSONAL', '2026-03-24 09:00:00.000000', '2026-03-25 17:00:00.000000', '房屋装修', 'APPROVED', '同意', '2026-01-29 11:57:35.189495', '2026-01-29 11:57:35.189495', 302, 266);
INSERT INTO `leaves_leave_request` VALUES (110, 'SICK', '2026-02-12 09:00:00.000000', '2026-02-15 17:00:00.000000', '调休补休', 'REJECTED', '时机不合适，请调整', '2026-01-29 11:57:35.189495', '2026-01-29 11:57:35.189495', 304, 257);
INSERT INTO `leaves_leave_request` VALUES (111, 'PERSONAL', '2026-01-29 09:00:00.000000', '2026-02-01 17:00:00.000000', '调休补休', 'REJECTED', '请假时间过长', '2026-01-29 11:57:35.189495', '2026-01-29 11:57:35.189495', 299, 287);
INSERT INTO `leaves_leave_request` VALUES (112, 'SICK', '2026-01-14 09:00:00.000000', '2026-01-14 17:00:00.000000', '参加社区活动', 'PENDING', '', '2026-01-29 11:57:35.189495', '2026-01-29 11:57:35.189495', NULL, 266);
INSERT INTO `leaves_leave_request` VALUES (113, 'SICK', '2026-01-16 09:00:00.000000', '2026-01-19 17:00:00.000000', '调休补休', 'PENDING', '', '2026-01-29 11:57:35.189495', '2026-01-29 11:57:35.189495', NULL, 260);
INSERT INTO `leaves_leave_request` VALUES (114, 'COMPENSATORY', '2026-01-20 09:00:00.000000', '2026-01-20 17:00:00.000000', '调休补休', 'PENDING', '', '2026-01-29 11:57:35.189495', '2026-01-29 11:57:35.189495', NULL, 275);
INSERT INTO `leaves_leave_request` VALUES (115, 'PERSONAL', '2026-03-23 09:00:00.000000', '2026-03-23 17:00:00.000000', '房屋装修', 'APPROVED', '批准', '2026-01-29 11:57:35.189495', '2026-01-29 11:57:35.189495', 304, 222);
INSERT INTO `leaves_leave_request` VALUES (116, 'PERSONAL', '2026-03-17 09:00:00.000000', '2026-03-18 17:00:00.000000', '身体不适，需要休息', 'PENDING', '', '2026-01-29 11:57:35.189495', '2026-01-29 11:57:35.189495', NULL, 237);
INSERT INTO `leaves_leave_request` VALUES (117, 'PERSONAL', '2026-03-23 09:00:00.000000', '2026-03-28 17:00:00.000000', '办理证件', 'APPROVED', '经核实，同意批准', '2026-01-29 11:57:35.189495', '2026-01-29 11:57:35.189495', 305, 303);
INSERT INTO `leaves_leave_request` VALUES (118, 'COMPENSATORY', '2026-01-16 09:00:00.000000', '2026-01-22 17:00:00.000000', '身体不适，需要休息', 'REJECTED', '申请不符合规定', '2026-01-29 11:57:35.189495', '2026-01-29 11:57:35.189495', 301, 278);
INSERT INTO `leaves_leave_request` VALUES (119, 'SICK', '2026-01-17 09:00:00.000000', '2026-01-20 17:00:00.000000', '调休补休', 'APPROVED', '同意', '2026-01-29 11:57:35.189495', '2026-01-29 11:57:35.189495', 305, 220);
INSERT INTO `leaves_leave_request` VALUES (120, 'SICK', '2026-03-14 09:00:00.000000', '2026-03-16 17:00:00.000000', '办理证件', 'APPROVED', '情况属实，同意', '2026-01-29 11:57:35.189495', '2026-01-29 11:57:35.189495', 300, 236);
INSERT INTO `leaves_leave_request` VALUES (121, 'SICK', '2026-01-16 09:00:00.000000', '2026-01-18 17:00:00.000000', '家庭聚会', 'REJECTED', '请重新核对信息', '2026-01-29 11:57:35.189495', '2026-01-29 11:57:35.189495', 305, 252);
INSERT INTO `leaves_leave_request` VALUES (122, 'PERSONAL', '2026-02-02 09:00:00.000000', '2026-02-03 17:00:00.000000', '银行办事', 'APPROVED', '按规定处理，同意', '2026-01-29 11:57:35.189495', '2026-01-29 11:57:35.189495', 301, 213);
INSERT INTO `leaves_leave_request` VALUES (123, 'SICK', '2026-01-04 09:00:00.000000', '2026-01-10 17:00:00.000000', '探亲访友', 'REJECTED', '理由不充分，不同意', '2026-01-29 11:57:35.189495', '2026-01-29 11:57:35.189495', 301, 299);
INSERT INTO `leaves_leave_request` VALUES (124, 'SICK', '2026-02-15 09:00:00.000000', '2026-02-18 17:00:00.000000', '家中有事需要处理', 'PENDING', '', '2026-01-29 11:57:35.189495', '2026-01-29 11:57:35.189495', NULL, 301);
INSERT INTO `leaves_leave_request` VALUES (125, 'PERSONAL', '2026-02-27 09:00:00.000000', '2026-02-28 17:00:00.000000', '参加婚礼', 'APPROVED', '核实无误，批准', '2026-01-29 11:57:35.189495', '2026-01-29 11:57:35.189495', 300, 253);
INSERT INTO `leaves_leave_request` VALUES (126, 'PERSONAL', '2026-02-06 09:00:00.000000', '2026-02-06 17:00:00.000000', '银行办事', 'APPROVED', '同意申请', '2026-01-29 11:57:35.189495', '2026-01-29 11:57:35.189495', 302, 276);
INSERT INTO `leaves_leave_request` VALUES (127, 'PERSONAL', '2026-03-21 09:00:00.000000', '2026-03-25 17:00:00.000000', '参加社区活动', 'PENDING', '', '2026-01-29 11:57:35.189495', '2026-01-29 11:57:35.189495', NULL, 232);
INSERT INTO `leaves_leave_request` VALUES (128, 'PERSONAL', '2026-03-24 09:00:00.000000', '2026-03-30 17:00:00.000000', '个人私事', 'APPROVED', '核实无误，批准', '2026-01-29 11:57:35.189495', '2026-01-29 11:57:35.189495', 305, 233);
INSERT INTO `leaves_leave_request` VALUES (129, 'PERSONAL', '2026-03-24 09:00:00.000000', '2026-03-30 17:00:00.000000', '外出办事', 'APPROVED', '同意', '2026-01-29 11:57:35.189495', '2026-01-29 11:57:35.189495', 300, 257);
INSERT INTO `leaves_leave_request` VALUES (130, 'SICK', '2026-01-08 09:00:00.000000', '2026-01-12 17:00:00.000000', '加班调休', 'PENDING', '', '2026-01-29 11:57:35.189495', '2026-01-29 11:57:35.189495', NULL, 221);
INSERT INTO `leaves_leave_request` VALUES (131, 'SICK', '2026-01-17 09:00:00.000000', '2026-01-23 17:00:00.000000', '照顾生病家人', 'PENDING', '', '2026-01-29 11:57:35.189495', '2026-01-29 11:57:35.189495', NULL, 234);
INSERT INTO `leaves_leave_request` VALUES (132, 'PERSONAL', '2026-03-03 09:00:00.000000', '2026-03-03 17:00:00.000000', '外出办事', 'PENDING', '', '2026-01-29 11:57:35.189495', '2026-01-29 11:57:35.189495', NULL, 216);
INSERT INTO `leaves_leave_request` VALUES (133, 'SICK', '2026-01-07 09:00:00.000000', '2026-01-08 17:00:00.000000', '家庭聚会', 'PENDING', '', '2026-01-29 11:57:35.189495', '2026-01-29 11:57:35.189495', NULL, 253);
INSERT INTO `leaves_leave_request` VALUES (134, 'PERSONAL', '2026-03-07 09:00:00.000000', '2026-03-09 17:00:00.000000', '办理证件', 'PENDING', '', '2026-01-29 11:57:35.189495', '2026-01-29 11:57:35.189495', NULL, 289);
INSERT INTO `leaves_leave_request` VALUES (135, 'COMPENSATORY', '2026-02-05 09:00:00.000000', '2026-02-09 17:00:00.000000', '办理证件', 'REJECTED', '请重新核对信息', '2026-01-29 11:57:35.189495', '2026-01-29 11:57:35.189495', 298, 280);
INSERT INTO `leaves_leave_request` VALUES (136, 'SICK', '2026-02-23 09:00:00.000000', '2026-02-26 17:00:00.000000', '参加培训', 'PENDING', '', '2026-01-29 11:57:35.189495', '2026-01-29 11:57:35.189495', NULL, 278);
INSERT INTO `leaves_leave_request` VALUES (137, 'PERSONAL', '2026-03-16 09:00:00.000000', '2026-03-21 17:00:00.000000', '医院检查', 'REJECTED', '申请不符合规定', '2026-01-29 11:57:35.189495', '2026-01-29 11:57:35.189495', 302, 235);
INSERT INTO `leaves_leave_request` VALUES (138, 'SICK', '2026-01-01 09:00:00.000000', '2026-01-07 17:00:00.000000', '驾照考试', 'REJECTED', '请重新核对信息', '2026-01-29 11:57:35.189495', '2026-01-29 11:57:35.189495', 298, 237);
INSERT INTO `leaves_leave_request` VALUES (139, 'PERSONAL', '2026-01-31 09:00:00.000000', '2026-02-05 17:00:00.000000', '房屋装修', 'APPROVED', '同意', '2026-01-29 11:57:35.189495', '2026-01-29 11:57:35.189495', 305, 258);
INSERT INTO `leaves_leave_request` VALUES (140, 'SICK', '2026-02-24 09:00:00.000000', '2026-02-28 17:00:00.000000', '银行办事', 'REJECTED', '已有类似申请，不同意', '2026-01-29 11:57:35.189495', '2026-01-29 11:57:35.189495', 298, 290);
INSERT INTO `leaves_leave_request` VALUES (141, 'SICK', '2026-03-24 09:00:00.000000', '2026-03-26 17:00:00.000000', '驾照考试', 'APPROVED', '按规定处理，同意', '2026-01-29 11:57:35.189495', '2026-01-29 11:57:35.189495', 300, 281);
INSERT INTO `leaves_leave_request` VALUES (142, 'COMPENSATORY', '2026-01-16 09:00:00.000000', '2026-01-16 17:00:00.000000', '参加培训', 'APPROVED', '已确认，批准', '2026-01-29 11:57:35.189495', '2026-01-29 11:57:35.189495', 302, 272);
INSERT INTO `leaves_leave_request` VALUES (143, 'COMPENSATORY', '2026-02-11 09:00:00.000000', '2026-02-17 17:00:00.000000', '医院检查', 'APPROVED', '批准', '2026-01-29 11:57:35.189495', '2026-01-29 11:57:35.189495', 301, 251);
INSERT INTO `leaves_leave_request` VALUES (144, 'PERSONAL', '2026-02-21 09:00:00.000000', '2026-02-25 17:00:00.000000', '参加社区活动', 'REJECTED', '时机不合适，请调整', '2026-01-29 11:57:35.189495', '2026-01-29 11:57:35.189495', 305, 224);
INSERT INTO `leaves_leave_request` VALUES (145, 'PERSONAL', '2026-03-17 09:00:00.000000', '2026-03-17 17:00:00.000000', '参加社区活动', 'REJECTED', '理由不充分，不同意', '2026-01-29 11:57:35.191022', '2026-01-29 11:57:35.191022', 299, 262);
INSERT INTO `leaves_leave_request` VALUES (146, 'PERSONAL', '2026-01-28 09:00:00.000000', '2026-01-28 17:00:00.000000', '驾照考试', 'PENDING', '', '2026-01-29 11:57:35.191022', '2026-01-29 11:57:35.191022', NULL, 228);
INSERT INTO `leaves_leave_request` VALUES (147, 'SICK', '2026-02-24 09:00:00.000000', '2026-02-27 17:00:00.000000', '医院检查', 'PENDING', '', '2026-01-29 11:57:35.191022', '2026-01-29 11:57:35.191022', NULL, 269);
INSERT INTO `leaves_leave_request` VALUES (148, 'PERSONAL', '2026-03-01 09:00:00.000000', '2026-03-05 17:00:00.000000', '加班调休', 'REJECTED', '影响正常工作安排', '2026-01-29 11:57:35.191022', '2026-01-29 11:57:35.191022', 300, 206);
INSERT INTO `leaves_leave_request` VALUES (149, 'COMPENSATORY', '2026-02-11 09:00:00.000000', '2026-02-17 17:00:00.000000', '参加培训', 'APPROVED', '批准', '2026-01-29 11:57:35.191022', '2026-01-29 11:57:35.191022', 302, 262);
INSERT INTO `leaves_leave_request` VALUES (150, 'SICK', '2026-01-14 09:00:00.000000', '2026-01-20 17:00:00.000000', '陪伴家人就医', 'REJECTED', '不符合调班条件', '2026-01-29 11:57:35.191022', '2026-01-29 11:57:35.191022', 302, 284);
INSERT INTO `leaves_leave_request` VALUES (151, 'COMPENSATORY', '2026-01-23 09:00:00.000000', '2026-01-27 17:00:00.000000', '探亲访友', 'PENDING', '', '2026-01-29 11:57:35.191022', '2026-01-29 11:57:35.191022', NULL, 261);
INSERT INTO `leaves_leave_request` VALUES (152, 'COMPENSATORY', '2026-03-18 09:00:00.000000', '2026-03-22 17:00:00.000000', '调休补休', 'REJECTED', '时机不合适，请调整', '2026-01-29 11:57:35.191022', '2026-01-29 11:57:35.191022', 303, 219);
INSERT INTO `leaves_leave_request` VALUES (153, 'SICK', '2026-01-19 09:00:00.000000', '2026-01-25 17:00:00.000000', '参加社区活动', 'APPROVED', '特殊情况，同意', '2026-01-29 11:57:35.191022', '2026-01-29 11:57:35.191022', 303, 222);
INSERT INTO `leaves_leave_request` VALUES (154, 'PERSONAL', '2026-02-11 09:00:00.000000', '2026-02-16 17:00:00.000000', '家中有事需要处理', 'PENDING', '', '2026-01-29 11:57:35.191022', '2026-01-29 11:57:35.191022', NULL, 251);
INSERT INTO `leaves_leave_request` VALUES (155, 'SICK', '2026-02-24 09:00:00.000000', '2026-02-26 17:00:00.000000', '驾照考试', 'APPROVED', '情况属实，同意', '2026-01-29 11:57:35.191022', '2026-01-29 11:57:35.191022', 300, 208);
INSERT INTO `leaves_leave_request` VALUES (156, 'SICK', '2026-01-08 09:00:00.000000', '2026-01-10 17:00:00.000000', '家庭聚会', 'PENDING', '', '2026-01-29 11:57:35.191022', '2026-01-29 11:57:35.191022', NULL, 242);
INSERT INTO `leaves_leave_request` VALUES (157, 'COMPENSATORY', '2026-03-14 09:00:00.000000', '2026-03-16 17:00:00.000000', '调休补休', 'APPROVED', '特殊情况，同意', '2026-01-29 11:57:35.191022', '2026-01-29 11:57:35.191022', 303, 293);
INSERT INTO `leaves_leave_request` VALUES (158, 'COMPENSATORY', '2026-03-22 09:00:00.000000', '2026-03-24 17:00:00.000000', '参加婚礼', 'APPROVED', '申请合理，同意', '2026-01-29 11:57:35.191022', '2026-01-29 11:57:35.191022', 305, 303);
INSERT INTO `leaves_leave_request` VALUES (159, 'PERSONAL', '2026-03-12 09:00:00.000000', '2026-03-12 17:00:00.000000', '家庭聚会', 'APPROVED', '按规定处理，同意', '2026-01-29 11:57:35.191022', '2026-01-29 11:57:35.191022', 299, 207);
INSERT INTO `leaves_leave_request` VALUES (160, 'SICK', '2026-01-24 09:00:00.000000', '2026-01-24 17:00:00.000000', '银行办事', 'APPROVED', '同意申请', '2026-01-29 11:57:35.191022', '2026-01-29 11:57:35.191022', 299, 223);
INSERT INTO `leaves_leave_request` VALUES (161, 'SICK', '2026-01-03 09:00:00.000000', '2026-01-07 17:00:00.000000', '办理证件', 'PENDING', '', '2026-01-29 11:57:35.191022', '2026-01-29 11:57:35.191022', NULL, 305);
INSERT INTO `leaves_leave_request` VALUES (162, 'PERSONAL', '2026-01-29 09:00:00.000000', '2026-02-03 17:00:00.000000', '驾照考试', 'APPROVED', '同意申请', '2026-01-29 11:57:35.191022', '2026-01-29 11:57:35.191022', 301, 287);
INSERT INTO `leaves_leave_request` VALUES (163, 'COMPENSATORY', '2026-01-02 09:00:00.000000', '2026-01-07 17:00:00.000000', '家中有事需要处理', 'PENDING', '', '2026-01-29 11:57:35.191022', '2026-01-29 11:57:35.191022', NULL, 285);
INSERT INTO `leaves_leave_request` VALUES (164, 'PERSONAL', '2026-02-11 09:00:00.000000', '2026-02-17 17:00:00.000000', '医院检查', 'APPROVED', '同意', '2026-01-29 11:57:35.191022', '2026-01-29 11:57:35.191022', 303, 229);
INSERT INTO `leaves_leave_request` VALUES (165, 'SICK', '2026-02-01 09:00:00.000000', '2026-02-07 17:00:00.000000', '调休补休', 'APPROVED', '已确认，批准', '2026-01-29 11:57:35.191022', '2026-01-29 11:57:35.191022', 305, 240);
INSERT INTO `leaves_leave_request` VALUES (166, 'PERSONAL', '2026-01-07 09:00:00.000000', '2026-01-12 17:00:00.000000', '家庭聚会', 'APPROVED', '同意', '2026-01-29 11:57:35.191022', '2026-01-29 11:57:35.191022', 301, 261);
INSERT INTO `leaves_leave_request` VALUES (167, 'PERSONAL', '2026-03-15 09:00:00.000000', '2026-03-19 17:00:00.000000', '个人私事', 'PENDING', '', '2026-01-29 11:57:35.191022', '2026-01-29 11:57:35.191022', NULL, 207);
INSERT INTO `leaves_leave_request` VALUES (168, 'SICK', '2026-03-08 09:00:00.000000', '2026-03-09 17:00:00.000000', '探亲访友', 'REJECTED', '不符合调班条件', '2026-01-29 11:57:35.191022', '2026-01-29 11:57:35.191022', 302, 238);
INSERT INTO `leaves_leave_request` VALUES (169, 'SICK', '2026-02-03 09:00:00.000000', '2026-02-06 17:00:00.000000', '办理证件', 'PENDING', '', '2026-01-29 11:57:35.191022', '2026-01-29 11:57:35.191022', NULL, 269);
INSERT INTO `leaves_leave_request` VALUES (170, 'SICK', '2026-03-21 09:00:00.000000', '2026-03-22 17:00:00.000000', '调休补休', 'APPROVED', '批准', '2026-01-29 11:57:35.191022', '2026-01-29 11:57:35.191022', 299, 233);
INSERT INTO `leaves_leave_request` VALUES (171, 'SICK', '2026-02-26 09:00:00.000000', '2026-03-01 17:00:00.000000', '孩子学校有事', 'PENDING', '', '2026-01-29 11:57:35.191022', '2026-01-29 11:57:35.191022', NULL, 213);
INSERT INTO `leaves_leave_request` VALUES (172, 'SICK', '2026-02-17 09:00:00.000000', '2026-02-19 17:00:00.000000', '照顾生病家人', 'PENDING', '', '2026-01-29 11:57:35.191022', '2026-01-29 11:57:35.191022', NULL, 211);
INSERT INTO `leaves_leave_request` VALUES (173, 'SICK', '2026-03-13 09:00:00.000000', '2026-03-14 17:00:00.000000', '家中有事需要处理', 'REJECTED', '请重新核对信息', '2026-01-29 11:57:35.191022', '2026-01-29 11:57:35.191022', 301, 271);
INSERT INTO `leaves_leave_request` VALUES (174, 'SICK', '2026-02-09 09:00:00.000000', '2026-02-12 17:00:00.000000', '驾照考试', 'APPROVED', '情况属实，同意', '2026-01-29 11:57:35.191022', '2026-01-29 11:57:35.191022', 304, 290);
INSERT INTO `leaves_leave_request` VALUES (175, 'PERSONAL', '2026-02-27 09:00:00.000000', '2026-02-27 17:00:00.000000', '加班调休', 'APPROVED', '同意', '2026-01-29 11:57:35.191022', '2026-01-29 11:57:35.191022', 299, 228);
INSERT INTO `leaves_leave_request` VALUES (176, 'COMPENSATORY', '2026-01-28 09:00:00.000000', '2026-01-29 17:00:00.000000', '家中有事需要处理', 'PENDING', '', '2026-01-29 11:57:35.191022', '2026-01-29 11:57:35.191022', NULL, 237);
INSERT INTO `leaves_leave_request` VALUES (177, 'SICK', '2026-02-09 09:00:00.000000', '2026-02-10 17:00:00.000000', '参加培训', 'REJECTED', '理由不充分，不同意', '2026-01-29 11:57:35.191022', '2026-01-29 11:57:35.191022', 299, 278);
INSERT INTO `leaves_leave_request` VALUES (178, 'COMPENSATORY', '2026-02-15 09:00:00.000000', '2026-02-15 17:00:00.000000', '房屋装修', 'PENDING', '', '2026-01-29 11:57:35.191022', '2026-01-29 11:57:35.191022', NULL, 232);
INSERT INTO `leaves_leave_request` VALUES (179, 'PERSONAL', '2026-02-12 09:00:00.000000', '2026-02-17 17:00:00.000000', '孩子学校有事', 'APPROVED', '同意申请', '2026-01-29 11:57:35.191022', '2026-01-29 11:57:35.191022', 300, 239);
INSERT INTO `leaves_leave_request` VALUES (180, 'PERSONAL', '2026-03-10 09:00:00.000000', '2026-03-14 17:00:00.000000', '驾照考试', 'PENDING', '', '2026-01-29 11:57:35.191022', '2026-01-29 11:57:35.191022', NULL, 227);
INSERT INTO `leaves_leave_request` VALUES (181, 'COMPENSATORY', '2026-03-16 09:00:00.000000', '2026-03-19 17:00:00.000000', '家中有事需要处理', 'APPROVED', '特殊情况，同意', '2026-01-29 11:57:35.191022', '2026-01-29 11:57:35.191022', 303, 293);
INSERT INTO `leaves_leave_request` VALUES (182, 'PERSONAL', '2026-02-13 09:00:00.000000', '2026-02-14 17:00:00.000000', '家中有事需要处理', 'APPROVED', '同意', '2026-01-29 11:57:35.191022', '2026-01-29 11:57:35.191022', 301, 206);
INSERT INTO `leaves_leave_request` VALUES (183, 'PERSONAL', '2026-01-01 09:00:00.000000', '2026-01-06 17:00:00.000000', '参加培训', 'REJECTED', '请与主管沟通后再申请', '2026-01-29 11:57:35.191022', '2026-01-29 11:57:35.191022', 299, 211);
INSERT INTO `leaves_leave_request` VALUES (184, 'COMPENSATORY', '2026-02-27 09:00:00.000000', '2026-03-02 17:00:00.000000', '房屋装修', 'REJECTED', '请与主管沟通后再申请', '2026-01-29 11:57:35.191022', '2026-01-29 11:57:35.191022', 299, 256);
INSERT INTO `leaves_leave_request` VALUES (185, 'PERSONAL', '2026-03-25 09:00:00.000000', '2026-03-30 17:00:00.000000', '搬家', 'PENDING', '', '2026-01-29 11:57:35.191022', '2026-01-29 11:57:35.191022', NULL, 279);
INSERT INTO `leaves_leave_request` VALUES (186, 'COMPENSATORY', '2026-02-18 09:00:00.000000', '2026-02-18 17:00:00.000000', '办理证件', 'APPROVED', '批准', '2026-01-29 11:57:35.191022', '2026-01-29 11:57:35.191022', 299, 218);
INSERT INTO `leaves_leave_request` VALUES (187, 'COMPENSATORY', '2026-01-07 09:00:00.000000', '2026-01-11 17:00:00.000000', '医院检查', 'PENDING', '', '2026-01-29 11:57:35.191022', '2026-01-29 11:57:35.191022', NULL, 230);
INSERT INTO `leaves_leave_request` VALUES (188, 'PERSONAL', '2026-02-19 09:00:00.000000', '2026-02-24 17:00:00.000000', '办理证件', 'PENDING', '', '2026-01-29 11:57:35.191022', '2026-01-29 11:57:35.191022', NULL, 275);
INSERT INTO `leaves_leave_request` VALUES (189, 'SICK', '2026-02-26 09:00:00.000000', '2026-03-01 17:00:00.000000', '搬家', 'APPROVED', '情况属实，同意', '2026-01-29 11:57:35.191022', '2026-01-29 11:57:35.191022', 301, 264);
INSERT INTO `leaves_leave_request` VALUES (190, 'PERSONAL', '2026-01-06 09:00:00.000000', '2026-01-09 17:00:00.000000', '参加培训', 'APPROVED', '批准', '2026-01-29 11:57:35.191022', '2026-01-29 11:57:35.191022', 302, 208);
INSERT INTO `leaves_leave_request` VALUES (191, 'PERSONAL', '2026-03-23 09:00:00.000000', '2026-03-28 17:00:00.000000', '外出办事', 'REJECTED', '请假时间过长', '2026-01-29 11:57:35.191022', '2026-01-29 11:57:35.191022', 298, 216);
INSERT INTO `leaves_leave_request` VALUES (192, 'SICK', '2026-01-08 09:00:00.000000', '2026-01-12 17:00:00.000000', '办理证件', 'PENDING', '', '2026-01-29 11:57:35.191022', '2026-01-29 11:57:35.191022', NULL, 256);
INSERT INTO `leaves_leave_request` VALUES (193, 'PERSONAL', '2026-01-19 09:00:00.000000', '2026-01-25 17:00:00.000000', '房屋装修', 'APPROVED', '同意', '2026-01-29 11:57:35.191022', '2026-01-29 11:57:35.191022', 304, 250);
INSERT INTO `leaves_leave_request` VALUES (194, 'PERSONAL', '2026-03-08 09:00:00.000000', '2026-03-11 17:00:00.000000', '身体不适，需要休息', 'APPROVED', '核实无误，批准', '2026-01-29 11:57:35.191022', '2026-01-29 11:57:35.191022', 305, 269);
INSERT INTO `leaves_leave_request` VALUES (195, 'PERSONAL', '2026-03-24 09:00:00.000000', '2026-03-26 17:00:00.000000', '孩子学校有事', 'APPROVED', '情况属实，同意', '2026-01-29 11:57:35.191022', '2026-01-29 11:57:35.191022', 301, 294);
INSERT INTO `leaves_leave_request` VALUES (196, 'COMPENSATORY', '2026-01-10 09:00:00.000000', '2026-01-14 17:00:00.000000', '调休补休', 'APPROVED', '已确认，批准', '2026-01-29 11:57:35.191022', '2026-01-29 11:57:35.191022', 304, 227);
INSERT INTO `leaves_leave_request` VALUES (197, 'PERSONAL', '2026-02-21 09:00:00.000000', '2026-02-23 17:00:00.000000', '驾照考试', 'REJECTED', '123123', '2026-01-29 11:57:35.191022', '2026-01-29 12:51:28.012366', NULL, 208);
INSERT INTO `leaves_leave_request` VALUES (198, 'SICK', '2026-02-26 09:00:00.000000', '2026-03-03 17:00:00.000000', '家庭聚会', 'APPROVED', '同意', '2026-01-29 11:57:35.191022', '2026-01-29 11:57:35.191022', 304, 210);
INSERT INTO `leaves_leave_request` VALUES (199, 'PERSONAL', '2026-02-14 09:00:00.000000', '2026-02-14 17:00:00.000000', '驾照考试', 'APPROVED', '', '2026-01-29 11:57:35.191022', '2026-01-29 12:51:38.083674', NULL, 301);
INSERT INTO `leaves_leave_request` VALUES (200, 'COMPENSATORY', '2026-03-14 09:00:00.000000', '2026-03-15 17:00:00.000000', '孩子学校有事', 'APPROVED', '同意申请', '2026-01-29 11:57:35.192551', '2026-01-29 11:57:35.192551', 298, 258);

-- ----------------------------
-- Table structure for salary_records
-- ----------------------------
DROP TABLE IF EXISTS `salary_records`;
CREATE TABLE `salary_records`  (
  `id` bigint NOT NULL AUTO_INCREMENT,
  `year_month` varchar(7) CHARACTER SET utf8mb4 COLLATE utf8mb4_unicode_ci NOT NULL,
  `base_salary` decimal(10, 2) NOT NULL,
  `position_allowance` decimal(10, 2) NOT NULL,
  `overtime_pay` decimal(10, 2) NOT NULL,
  `deductions` decimal(10, 2) NOT NULL,
  `total_salary` decimal(10, 2) NOT NULL,
  `work_days` int NOT NULL,
  `late_count` int NOT NULL,
  `missing_count` int NOT NULL,
  `overtime_hours` decimal(5, 2) NOT NULL,
  `status` varchar(20) CHARACTER SET utf8mb4 COLLATE utf8mb4_unicode_ci NOT NULL,
  `remark` longtext CHARACTER SET utf8mb4 COLLATE utf8mb4_unicode_ci NULL,
  `created_at` datetime(6) NOT NULL,
  `updated_at` datetime(6) NOT NULL,
  `employee_id` bigint NOT NULL,
  PRIMARY KEY (`id`) USING BTREE,
  UNIQUE INDEX `salary_records_employee_id_year_month_b756515f_uniq`(`employee_id` ASC, `year_month` ASC) USING BTREE,
  INDEX `salary_reco_employe_8a9ded_idx`(`employee_id` ASC, `year_month` ASC) USING BTREE,
  INDEX `salary_reco_year_mo_647a53_idx`(`year_month` ASC) USING BTREE,
  INDEX `salary_reco_status_33ad2b_idx`(`status` ASC) USING BTREE,
  CONSTRAINT `salary_records_employee_id_e3a38f21_fk_employee_profiles_id` FOREIGN KEY (`employee_id`) REFERENCES `employee_profiles` (`id`) ON DELETE RESTRICT ON UPDATE RESTRICT
) ENGINE = InnoDB AUTO_INCREMENT = 201 CHARACTER SET = utf8mb4 COLLATE = utf8mb4_unicode_ci ROW_FORMAT = Dynamic;

-- ----------------------------
-- Records of salary_records
-- ----------------------------
INSERT INTO `salary_records` VALUES (101, '2026-01', 3622.00, 1527.00, 441.96, 276.00, 5314.96, 23, 3, 3, 14.15, 'ADJUSTED', NULL, '2026-01-29 11:57:35.207484', '2026-01-29 11:57:35.207484', 296);
INSERT INTO `salary_records` VALUES (102, '2025-10', 4052.00, 1955.00, 422.36, 193.00, 6236.36, 23, 1, 2, 12.09, 'APPEALED', NULL, '2026-01-29 11:57:35.207484', '2026-01-29 11:57:35.207484', 242);
INSERT INTO `salary_records` VALUES (103, '2025-11', 4602.00, 1334.00, 650.00, 294.00, 6292.00, 20, 4, 3, 16.38, 'APPEALED', NULL, '2026-01-29 11:57:35.207484', '2026-01-29 11:57:35.207484', 238);
INSERT INTO `salary_records` VALUES (104, '2025-10', 4333.00, 1309.00, 217.78, 134.00, 5725.78, 22, 1, 2, 5.83, 'DRAFT', NULL, '2026-01-29 11:57:35.207484', '2026-01-29 11:57:35.207484', 264);
INSERT INTO `salary_records` VALUES (105, '2026-01', 4031.00, 1819.00, 626.63, 172.00, 6304.63, 22, 0, 3, 18.03, 'PUBLISHED', NULL, '2026-01-29 11:57:35.207484', '2026-01-29 11:57:35.207484', 271);
INSERT INTO `salary_records` VALUES (106, '2026-01', 5215.00, 1222.00, 1087.15, 193.00, 7331.15, 23, 1, 2, 24.18, 'ADJUSTED', NULL, '2026-01-29 11:57:35.207484', '2026-01-29 11:57:35.207484', 238);
INSERT INTO `salary_records` VALUES (107, '2025-12', 8184.00, 1116.00, 2489.00, 101.00, 11688.00, 21, 1, 1, 35.28, 'APPEALED', NULL, '2026-01-29 11:57:35.207484', '2026-01-29 11:57:35.207484', 214);
INSERT INTO `salary_records` VALUES (108, '2026-01', 8357.00, 1961.00, 2223.40, 191.00, 12350.40, 23, 2, 2, 30.86, 'APPEALED', NULL, '2026-01-29 11:57:35.209005', '2026-01-29 11:57:35.209005', 299);
INSERT INTO `salary_records` VALUES (109, '2025-11', 3599.00, 861.00, 478.36, 281.00, 4657.36, 21, 5, 2, 15.42, 'DRAFT', NULL, '2026-01-29 11:57:35.209005', '2026-01-29 11:57:35.209005', 291);
INSERT INTO `salary_records` VALUES (110, '2025-11', 3761.00, 925.00, 324.58, 220.00, 4790.58, 20, 0, 3, 10.01, 'APPEALED', NULL, '2026-01-29 11:57:35.209005', '2026-01-29 11:57:35.209005', 282);
INSERT INTO `salary_records` VALUES (111, '2026-01', 4516.00, 970.00, 1541.73, 219.00, 6808.73, 20, 0, 3, 39.60, 'DRAFT', NULL, '2026-01-29 11:57:35.209005', '2026-01-29 11:57:35.209005', 288);
INSERT INTO `salary_records` VALUES (112, '2025-11', 3430.00, 547.00, 922.89, 165.00, 4734.89, 22, 5, 0, 31.21, 'APPEALED', NULL, '2026-01-29 11:57:35.209005', '2026-01-29 11:57:35.209005', 261);
INSERT INTO `salary_records` VALUES (113, '2025-11', 4505.00, 700.00, 1534.68, 218.00, 6521.68, 22, 1, 2, 39.52, 'ADJUSTED', NULL, '2026-01-29 11:57:35.209005', '2026-01-29 11:57:35.209005', 235);
INSERT INTO `salary_records` VALUES (114, '2025-12', 4440.00, 660.00, 1007.25, 188.00, 5919.25, 20, 4, 1, 26.32, 'ADJUSTED', NULL, '2026-01-29 11:57:35.209005', '2026-01-29 11:57:35.209005', 282);
INSERT INTO `salary_records` VALUES (115, '2025-12', 6000.00, 1706.00, 606.53, 197.00, 8115.53, 23, 1, 2, 11.73, 'APPEALED', NULL, '2026-01-29 11:57:35.209005', '2026-01-29 11:57:35.209005', 210);
INSERT INTO `salary_records` VALUES (116, '2026-01', 4752.00, 1530.00, 1432.48, 206.00, 7508.48, 23, 3, 2, 34.97, 'APPEALED', NULL, '2026-01-29 11:57:35.209005', '2026-01-29 11:57:35.209005', 252);
INSERT INTO `salary_records` VALUES (117, '2025-11', 4253.00, 968.00, 407.41, 218.00, 5410.41, 23, 5, 2, 11.11, 'ADJUSTED', NULL, '2026-01-29 11:57:35.209005', '2026-01-29 11:57:35.209005', 279);
INSERT INTO `salary_records` VALUES (118, '2025-11', 6789.00, 626.00, 2150.95, 105.00, 9460.95, 22, 2, 0, 36.75, 'DRAFT', NULL, '2026-01-29 11:57:35.209005', '2026-01-29 11:57:35.209005', 223);
INSERT INTO `salary_records` VALUES (119, '2025-12', 4320.00, 1455.00, 629.39, 151.00, 6253.39, 21, 3, 0, 16.90, 'PUBLISHED', NULL, '2026-01-29 11:57:35.209005', '2026-01-29 11:57:35.209005', 294);
INSERT INTO `salary_records` VALUES (120, '2025-11', 3247.00, 1192.00, 844.26, 187.00, 5096.26, 21, 3, 2, 30.16, 'DRAFT', NULL, '2026-01-29 11:57:35.209005', '2026-01-29 11:57:35.209005', 277);
INSERT INTO `salary_records` VALUES (121, '2025-12', 5308.00, 1678.00, 1449.14, 68.00, 8367.14, 20, 3, 0, 31.67, 'PUBLISHED', NULL, '2026-01-29 11:57:35.209005', '2026-01-29 11:57:35.209005', 251);
INSERT INTO `salary_records` VALUES (122, '2026-01', 6990.00, 687.00, 391.00, 97.00, 7971.00, 20, 1, 1, 6.49, 'PUBLISHED', NULL, '2026-01-29 11:57:35.209005', '2026-01-29 11:57:35.209005', 223);
INSERT INTO `salary_records` VALUES (123, '2025-12', 4486.00, 1622.00, 248.79, 165.00, 6191.79, 21, 1, 2, 6.43, 'ADJUSTED', NULL, '2026-01-29 11:57:35.209005', '2026-01-29 11:57:35.209005', 258);
INSERT INTO `salary_records` VALUES (124, '2025-12', 3230.00, 598.00, 1013.49, 196.00, 4645.49, 21, 2, 3, 36.40, 'APPEALED', NULL, '2026-01-29 11:57:35.209005', '2026-01-29 11:57:35.209005', 257);
INSERT INTO `salary_records` VALUES (125, '2025-11', 6818.00, 1611.00, 2280.57, 112.00, 10597.57, 22, 0, 1, 38.80, 'PUBLISHED', NULL, '2026-01-29 11:57:35.209005', '2026-01-29 11:57:35.209005', 225);
INSERT INTO `salary_records` VALUES (126, '2026-01', 5055.00, 1425.00, 89.46, 113.00, 6456.46, 21, 5, 0, 2.05, 'DRAFT', NULL, '2026-01-29 11:57:35.209005', '2026-01-29 11:57:35.209005', 247);
INSERT INTO `salary_records` VALUES (127, '2025-11', 3353.00, 1253.00, 721.13, 107.00, 5220.13, 20, 1, 1, 24.95, 'DRAFT', NULL, '2026-01-29 11:57:35.209646', '2026-01-29 11:57:35.209646', 266);
INSERT INTO `salary_records` VALUES (128, '2026-01', 4394.00, 1194.00, 1000.61, 286.00, 6302.61, 22, 4, 3, 26.42, 'APPEALED', NULL, '2026-01-29 11:57:35.209646', '2026-01-29 11:57:35.209646', 259);
INSERT INTO `salary_records` VALUES (129, '2025-12', 7983.00, 1727.00, 1869.27, 141.00, 11438.27, 23, 1, 2, 27.16, 'ADJUSTED', NULL, '2026-01-29 11:57:35.209646', '2026-01-29 11:57:35.209646', 207);
INSERT INTO `salary_records` VALUES (130, '2025-11', 8480.00, 874.00, 2828.53, 47.00, 12135.53, 23, 1, 0, 38.69, 'DRAFT', NULL, '2026-01-29 11:57:35.209646', '2026-01-29 11:57:35.209646', 217);
INSERT INTO `salary_records` VALUES (131, '2026-01', 3976.00, 649.00, 579.90, 118.00, 5086.90, 20, 1, 0, 16.92, 'DRAFT', NULL, '2026-01-29 11:57:35.209646', '2026-01-29 11:57:35.209646', 272);
INSERT INTO `salary_records` VALUES (132, '2025-11', 3668.00, 622.00, 160.27, 145.00, 4305.27, 23, 4, 0, 5.07, 'DRAFT', NULL, '2026-01-29 11:57:35.209646', '2026-01-29 11:57:35.209646', 270);
INSERT INTO `salary_records` VALUES (133, '2025-12', 4434.00, 1522.00, 57.12, 226.00, 5787.12, 23, 0, 3, 1.49, 'PUBLISHED', NULL, '2026-01-29 11:57:35.209646', '2026-01-29 11:57:35.209646', 284);
INSERT INTO `salary_records` VALUES (134, '2025-11', 3586.00, 1795.00, 520.34, 59.00, 5842.34, 23, 0, 1, 16.83, 'ADJUSTED', NULL, '2026-01-29 11:57:35.209646', '2026-01-29 11:57:35.209646', 280);
INSERT INTO `salary_records` VALUES (135, '2025-10', 4338.00, 788.00, 1167.23, 41.00, 6252.23, 20, 0, 0, 31.21, 'APPEALED', NULL, '2026-01-29 11:57:35.209646', '2026-01-29 11:57:35.209646', 296);
INSERT INTO `salary_records` VALUES (136, '2025-11', 4025.00, 1810.00, 212.02, 205.00, 5842.02, 21, 5, 1, 6.11, 'DRAFT', NULL, '2026-01-29 11:57:35.209646', '2026-01-29 11:57:35.209646', 296);
INSERT INTO `salary_records` VALUES (137, '2026-01', 7039.00, 987.00, 548.91, 182.00, 8392.91, 21, 1, 3, 9.05, 'ADJUSTED', NULL, '2026-01-29 11:57:35.209646', '2026-01-29 11:57:35.209646', 212);
INSERT INTO `salary_records` VALUES (138, '2025-10', 4336.00, 937.00, 883.75, 200.00, 5956.75, 22, 4, 2, 23.64, 'PUBLISHED', NULL, '2026-01-29 11:57:35.209646', '2026-01-29 11:57:35.209646', 288);
INSERT INTO `salary_records` VALUES (139, '2026-01', 6571.00, 980.00, 280.82, 91.00, 7740.82, 23, 4, 0, 4.96, 'DRAFT', NULL, '2026-01-29 11:57:35.209646', '2026-01-29 11:57:35.209646', 216);
INSERT INTO `salary_records` VALUES (140, '2025-12', 9324.00, 505.00, 1669.54, 197.00, 11301.54, 22, 1, 2, 20.77, 'ADJUSTED', NULL, '2026-01-29 11:57:35.209646', '2026-01-29 11:57:35.209646', 302);
INSERT INTO `salary_records` VALUES (141, '2025-10', 4054.00, 1713.00, 429.80, 98.00, 6098.80, 20, 0, 1, 12.30, 'PUBLISHED', NULL, '2026-01-29 11:57:35.209646', '2026-01-29 11:57:35.209646', 248);
INSERT INTO `salary_records` VALUES (142, '2025-10', 4196.00, 959.00, 417.83, 164.00, 5408.83, 23, 2, 2, 11.55, 'DRAFT', NULL, '2026-01-29 11:57:35.210150', '2026-01-29 11:57:35.210150', 263);
INSERT INTO `salary_records` VALUES (143, '2025-11', 3891.00, 1133.00, 146.89, 293.00, 4877.89, 21, 4, 3, 4.38, 'DRAFT', NULL, '2026-01-29 11:57:35.210150', '2026-01-29 11:57:35.210150', 278);
INSERT INTO `salary_records` VALUES (144, '2025-12', 4277.00, 691.00, 592.02, 203.00, 5357.02, 21, 1, 3, 16.06, 'DRAFT', NULL, '2026-01-29 11:57:35.210150', '2026-01-29 11:57:35.210150', 276);
INSERT INTO `salary_records` VALUES (145, '2025-10', 8902.00, 741.00, 1426.06, 212.00, 10857.06, 23, 1, 2, 18.58, 'APPEALED', NULL, '2026-01-29 11:57:35.210150', '2026-01-29 11:57:35.210150', 207);
INSERT INTO `salary_records` VALUES (146, '2026-01', 3999.00, 1186.00, 461.77, 154.00, 5492.77, 20, 2, 1, 13.39, 'DRAFT', NULL, '2026-01-29 11:57:35.210150', '2026-01-29 11:57:35.210150', 279);
INSERT INTO `salary_records` VALUES (147, '2026-01', 7803.00, 1868.00, 9.88, 166.00, 9514.88, 23, 4, 0, 0.15, 'ADJUSTED', NULL, '2026-01-29 11:57:35.210150', '2026-01-29 11:57:35.210150', 215);
INSERT INTO `salary_records` VALUES (148, '2025-10', 3835.00, 920.00, 819.10, 178.00, 5396.10, 21, 4, 1, 24.78, 'ADJUSTED', NULL, '2026-01-29 11:57:35.210150', '2026-01-29 11:57:35.210150', 286);
INSERT INTO `salary_records` VALUES (149, '2025-12', 5545.00, 1149.00, 1153.40, 135.00, 7712.40, 20, 0, 2, 24.13, 'ADJUSTED', NULL, '2026-01-29 11:57:35.210150', '2026-01-29 11:57:35.210150', 224);
INSERT INTO `salary_records` VALUES (150, '2025-12', 4618.00, 1943.00, 984.48, 85.00, 7460.48, 22, 3, 0, 24.73, 'APPEALED', NULL, '2026-01-29 11:57:35.210150', '2026-01-29 11:57:35.210150', 249);
INSERT INTO `salary_records` VALUES (151, '2025-12', 4308.00, 1354.00, 385.94, 142.00, 5905.94, 20, 0, 2, 10.39, 'APPEALED', NULL, '2026-01-29 11:57:35.210150', '2026-01-29 11:57:35.210150', 293);
INSERT INTO `salary_records` VALUES (152, '2026-01', 4034.00, 1184.00, 555.32, 300.00, 5473.32, 21, 4, 3, 15.97, 'PUBLISHED', NULL, '2026-01-29 11:57:35.210150', '2026-01-29 11:57:35.210150', 275);
INSERT INTO `salary_records` VALUES (153, '2026-01', 4096.00, 606.00, 1282.43, 114.00, 5870.43, 21, 3, 1, 36.32, 'ADJUSTED', NULL, '2026-01-29 11:57:35.210150', '2026-01-29 11:57:35.210150', 265);
INSERT INTO `salary_records` VALUES (154, '2025-11', 4150.00, 784.00, 401.99, 178.00, 5157.99, 23, 5, 1, 11.24, 'APPEALED', NULL, '2026-01-29 11:57:35.210150', '2026-01-29 11:57:35.210150', 281);
INSERT INTO `salary_records` VALUES (155, '2025-11', 6932.00, 1130.00, 1806.07, 270.00, 9598.07, 21, 4, 3, 30.22, 'DRAFT', NULL, '2026-01-29 11:57:35.210150', '2026-01-29 11:57:35.210150', 227);
INSERT INTO `salary_records` VALUES (156, '2026-01', 4997.00, 875.00, 1367.99, 186.00, 7053.99, 23, 1, 3, 31.76, 'APPEALED', NULL, '2026-01-29 11:57:35.210150', '2026-01-29 11:57:35.210150', 251);
INSERT INTO `salary_records` VALUES (157, '2026-01', 4543.00, 1035.00, 95.01, 208.00, 5465.01, 23, 5, 1, 2.43, 'APPEALED', NULL, '2026-01-29 11:57:35.210150', '2026-01-29 11:57:35.210150', 290);
INSERT INTO `salary_records` VALUES (158, '2026-01', 5357.00, 1823.00, 699.67, 142.00, 7737.67, 21, 0, 2, 15.15, 'APPEALED', NULL, '2026-01-29 11:57:35.210150', '2026-01-29 11:57:35.210150', 233);
INSERT INTO `salary_records` VALUES (159, '2026-01', 4334.00, 1684.00, 1255.40, 202.00, 7071.40, 23, 5, 1, 33.60, 'DRAFT', NULL, '2026-01-29 11:57:35.210150', '2026-01-29 11:57:35.210150', 243);
INSERT INTO `salary_records` VALUES (160, '2025-11', 6315.00, 1403.00, 1296.16, 128.00, 8886.16, 23, 3, 1, 23.81, 'DRAFT', NULL, '2026-01-29 11:57:35.210150', '2026-01-29 11:57:35.210150', 224);
INSERT INTO `salary_records` VALUES (161, '2025-10', 9263.00, 588.00, 1141.05, 205.00, 10787.05, 21, 4, 1, 14.29, 'PUBLISHED', NULL, '2026-01-29 11:57:35.210150', '2026-01-29 11:57:35.210150', 299);
INSERT INTO `salary_records` VALUES (162, '2026-01', 4661.00, 916.00, 765.69, 255.00, 6087.69, 23, 2, 3, 19.06, 'DRAFT', NULL, '2026-01-29 11:57:35.210150', '2026-01-29 11:57:35.210150', 235);
INSERT INTO `salary_records` VALUES (163, '2025-10', 5067.00, 1426.00, 1034.19, 159.00, 7368.19, 20, 5, 0, 23.68, 'APPEALED', NULL, '2026-01-29 11:57:35.210150', '2026-01-29 11:57:35.210150', 251);
INSERT INTO `salary_records` VALUES (164, '2025-10', 6988.00, 1673.00, 717.00, 152.00, 9226.00, 21, 1, 1, 11.90, 'APPEALED', NULL, '2026-01-29 11:57:35.210150', '2026-01-29 11:57:35.210150', 230);
INSERT INTO `salary_records` VALUES (165, '2025-10', 8578.00, 659.00, 339.24, 277.00, 9299.24, 21, 2, 3, 4.59, 'PUBLISHED', NULL, '2026-01-29 11:57:35.210150', '2026-01-29 11:57:35.210150', 220);
INSERT INTO `salary_records` VALUES (166, '2025-10', 4333.00, 1207.00, 180.28, 168.00, 5552.28, 20, 1, 2, 4.83, 'DRAFT', NULL, '2026-01-29 11:57:35.210150', '2026-01-29 11:57:35.210150', 253);
INSERT INTO `salary_records` VALUES (167, '2026-01', 4901.00, 1023.00, 1130.97, 147.00, 6907.97, 20, 0, 2, 26.77, 'APPEALED', NULL, '2026-01-29 11:57:35.210150', '2026-01-29 11:57:35.210150', 250);
INSERT INTO `salary_records` VALUES (168, '2025-12', 4980.00, 1045.00, 271.54, 96.00, 6200.54, 20, 4, 0, 6.32, 'DRAFT', NULL, '2026-01-29 11:57:35.210150', '2026-01-29 11:57:35.210150', 286);
INSERT INTO `salary_records` VALUES (169, '2025-12', 3594.00, 875.00, 712.35, 121.00, 5060.35, 22, 3, 0, 22.99, 'PUBLISHED', NULL, '2026-01-29 11:57:35.210150', '2026-01-29 11:57:35.210150', 295);
INSERT INTO `salary_records` VALUES (170, '2026-01', 6360.00, 1444.00, 1918.79, 217.00, 9505.79, 21, 2, 3, 35.00, 'DRAFT', NULL, '2026-01-29 11:57:35.210150', '2026-01-29 11:57:35.210150', 211);
INSERT INTO `salary_records` VALUES (171, '2025-11', 3666.00, 1048.00, 1189.26, 111.00, 5792.26, 20, 0, 1, 37.63, 'ADJUSTED', NULL, '2026-01-29 11:57:35.210150', '2026-01-29 11:57:35.210150', 271);
INSERT INTO `salary_records` VALUES (172, '2026-01', 4598.00, 1846.00, 1.35, 211.00, 6234.35, 23, 0, 3, 0.03, 'PUBLISHED', NULL, '2026-01-29 11:57:35.210150', '2026-01-29 11:57:35.210150', 293);
INSERT INTO `salary_records` VALUES (173, '2025-11', 3709.00, 985.00, 49.54, 193.00, 4550.54, 21, 5, 1, 1.55, 'PUBLISHED', NULL, '2026-01-29 11:57:35.210150', '2026-01-29 11:57:35.210150', 283);
INSERT INTO `salary_records` VALUES (174, '2026-01', 3947.00, 1016.00, 945.77, 214.00, 5694.77, 20, 5, 1, 27.80, 'ADJUSTED', NULL, '2026-01-29 11:57:35.210150', '2026-01-29 11:57:35.210150', 292);
INSERT INTO `salary_records` VALUES (175, '2026-01', 4130.00, 1544.00, 288.10, 177.00, 5785.10, 21, 5, 1, 8.09, 'APPEALED', NULL, '2026-01-29 11:57:35.210150', '2026-01-29 11:57:35.210150', 255);
INSERT INTO `salary_records` VALUES (176, '2025-11', 4841.00, 1082.00, 1616.64, 226.00, 7313.64, 22, 1, 3, 38.74, 'PUBLISHED', NULL, '2026-01-29 11:57:35.210150', '2026-01-29 11:57:35.210150', 286);
INSERT INTO `salary_records` VALUES (177, '2026-01', 6910.00, 676.00, 824.56, 188.00, 8222.56, 21, 3, 2, 13.84, 'APPEALED', NULL, '2026-01-29 11:57:35.210150', '2026-01-29 11:57:35.210150', 222);
INSERT INTO `salary_records` VALUES (178, '2026-01', 5075.00, 823.00, 146.51, 199.00, 5845.51, 20, 4, 2, 3.35, 'APPEALED', NULL, '2026-01-29 11:57:35.210150', '2026-01-29 11:57:35.210150', 245);
INSERT INTO `salary_records` VALUES (179, '2025-10', 6907.00, 1040.00, 1373.11, 48.00, 9272.11, 22, 0, 0, 23.06, 'APPEALED', NULL, '2026-01-29 11:57:35.210150', '2026-01-29 11:57:35.210150', 231);
INSERT INTO `salary_records` VALUES (180, '2025-10', 3561.00, 1558.00, 603.16, 130.00, 5592.16, 23, 3, 0, 19.65, 'DRAFT', NULL, '2026-01-29 11:57:35.210150', '2026-01-29 11:57:35.210150', 282);
INSERT INTO `salary_records` VALUES (181, '2025-10', 6370.00, 1026.00, 2018.04, 264.00, 9150.04, 20, 5, 2, 36.75, 'APPEALED', NULL, '2026-01-29 11:57:35.210150', '2026-01-29 11:57:35.210150', 213);
INSERT INTO `salary_records` VALUES (182, '2025-12', 7454.00, 1711.00, 640.22, 142.00, 9663.22, 22, 1, 1, 9.96, 'DRAFT', NULL, '2026-01-29 11:57:35.210150', '2026-01-29 11:57:35.210150', 218);
INSERT INTO `salary_records` VALUES (183, '2026-01', 6565.00, 1969.00, 118.14, 234.00, 8418.14, 22, 2, 3, 2.09, 'ADJUSTED', NULL, '2026-01-29 11:57:35.210150', '2026-01-29 11:57:35.210150', 227);
INSERT INTO `salary_records` VALUES (184, '2025-12', 8098.00, 1734.00, 2292.56, 163.00, 11961.56, 21, 4, 1, 32.84, 'APPEALED', NULL, '2026-01-29 11:57:35.210150', '2026-01-29 11:57:35.210150', 208);
INSERT INTO `salary_records` VALUES (185, '2025-12', 4745.00, 1626.00, 1066.60, 5.00, 7432.60, 22, 0, 0, 26.07, 'APPEALED', NULL, '2026-01-29 11:57:35.210150', '2026-01-29 11:57:35.210150', 280);
INSERT INTO `salary_records` VALUES (186, '2025-11', 4624.00, 1483.00, 794.34, 220.00, 6681.34, 22, 3, 3, 19.93, 'DRAFT', NULL, '2026-01-29 11:57:35.210150', '2026-01-29 11:57:35.210150', 245);
INSERT INTO `salary_records` VALUES (187, '2025-12', 4326.00, 1595.00, 552.03, 293.00, 6180.03, 21, 5, 2, 14.80, 'DRAFT', NULL, '2026-01-29 11:57:35.211669', '2026-01-29 11:57:35.211669', 281);
INSERT INTO `salary_records` VALUES (188, '2025-11', 6940.00, 723.00, 1430.31, 180.00, 8913.31, 23, 5, 0, 23.91, 'DRAFT', NULL, '2026-01-29 11:57:35.211669', '2026-01-29 11:57:35.211669', 231);
INSERT INTO `salary_records` VALUES (189, '2025-11', 11085.00, 1003.00, 2263.06, 290.00, 14061.06, 20, 3, 3, 23.68, 'ADJUSTED', NULL, '2026-01-29 11:57:35.211669', '2026-01-29 11:57:35.211669', 300);
INSERT INTO `salary_records` VALUES (190, '2025-10', 6994.00, 597.00, 1073.93, 211.00, 8453.93, 23, 2, 3, 17.81, 'ADJUSTED', NULL, '2026-01-29 11:57:35.211669', '2026-01-29 11:57:35.211669', 217);
INSERT INTO `salary_records` VALUES (191, '2026-01', 4094.00, 597.00, 139.24, 113.00, 4717.24, 20, 1, 1, 3.95, 'ADJUSTED', NULL, '2026-01-29 11:57:35.211669', '2026-01-29 11:57:35.211669', 266);
INSERT INTO `salary_records` VALUES (192, '2025-10', 4875.00, 783.00, 1633.43, 187.00, 7104.43, 20, 0, 2, 38.87, 'ADJUSTED', NULL, '2026-01-29 11:57:35.211669', '2026-01-29 11:57:35.211669', 234);
INSERT INTO `salary_records` VALUES (193, '2025-11', 4345.00, 714.00, 272.61, 171.00, 5160.61, 20, 2, 2, 7.28, 'PUBLISHED', NULL, '2026-01-29 11:57:35.211669', '2026-01-29 11:57:35.211669', 253);
INSERT INTO `salary_records` VALUES (194, '2025-12', 11856.00, 1732.00, 2844.40, 180.00, 16252.40, 21, 3, 2, 27.83, 'PUBLISHED', NULL, '2026-01-29 11:57:35.211669', '2026-01-29 11:57:35.211669', 301);
INSERT INTO `salary_records` VALUES (195, '2026-01', 4931.00, 1002.00, 1480.99, 157.00, 7256.99, 23, 0, 2, 34.84, 'PUBLISHED', NULL, '2026-01-29 11:57:35.211669', '2026-01-29 11:57:35.211669', 297);
INSERT INTO `salary_records` VALUES (196, '2025-10', 4883.00, 1793.00, 958.62, 148.00, 7486.62, 23, 1, 2, 22.77, 'APPEALED', NULL, '2026-01-29 11:57:35.211669', '2026-01-29 11:57:35.211669', 244);
INSERT INTO `salary_records` VALUES (197, '2026-01', 4253.00, 1120.00, 770.48, 139.00, 6004.48, 20, 3, 1, 21.01, 'PUBLISHED', NULL, '2026-01-29 11:57:35.211669', '2026-01-29 11:57:35.211669', 257);
INSERT INTO `salary_records` VALUES (198, '2026-01', 4006.00, 1885.00, 1384.70, 245.00, 7030.70, 22, 4, 2, 40.10, 'ADJUSTED', NULL, '2026-01-29 11:57:35.211669', '2026-01-29 11:57:35.211669', 283);
INSERT INTO `salary_records` VALUES (199, '2025-10', 7039.00, 1448.00, 439.38, 110.00, 8816.38, 23, 2, 1, 7.24, 'DRAFT', NULL, '2026-01-29 11:57:35.211669', '2026-01-29 11:57:35.211669', 216);
INSERT INTO `salary_records` VALUES (200, '2025-11', 3978.00, 1170.00, 340.34, 169.00, 5319.34, 20, 3, 2, 9.92, 'APPEALED', NULL, '2026-01-29 11:57:35.211669', '2026-01-29 11:57:35.211669', 259);

-- ----------------------------
-- Table structure for schedules
-- ----------------------------
DROP TABLE IF EXISTS `schedules`;
CREATE TABLE `schedules`  (
  `id` bigint NOT NULL AUTO_INCREMENT,
  `work_date` date NOT NULL,
  `is_swapped` tinyint(1) NOT NULL,
  `created_at` datetime(6) NOT NULL,
  `employee_id` bigint NOT NULL,
  `shift_id` bigint NOT NULL,
  PRIMARY KEY (`id`) USING BTREE,
  UNIQUE INDEX `schedules_employee_id_work_date_185a5fe1_uniq`(`employee_id` ASC, `work_date` ASC) USING BTREE,
  INDEX `schedules_shift_id_952b226d_fk_shifts_id`(`shift_id` ASC) USING BTREE,
  INDEX `schedules_work_date_d9b23970`(`work_date` ASC) USING BTREE,
  CONSTRAINT `schedules_employee_id_8b0a0940_fk_employee_profiles_id` FOREIGN KEY (`employee_id`) REFERENCES `employee_profiles` (`id`) ON DELETE RESTRICT ON UPDATE RESTRICT,
  CONSTRAINT `schedules_shift_id_952b226d_fk_shifts_id` FOREIGN KEY (`shift_id`) REFERENCES `shifts` (`id`) ON DELETE RESTRICT ON UPDATE RESTRICT
) ENGINE = InnoDB AUTO_INCREMENT = 316 CHARACTER SET = utf8mb4 COLLATE = utf8mb4_unicode_ci ROW_FORMAT = Dynamic;

-- ----------------------------
-- Records of schedules
-- ----------------------------
INSERT INTO `schedules` VALUES (212, '2026-01-28', 0, '2026-01-29 11:57:35.014426', 232, 279);
INSERT INTO `schedules` VALUES (213, '2026-03-10', 0, '2026-01-29 11:57:35.014426', 258, 217);
INSERT INTO `schedules` VALUES (214, '2026-01-15', 0, '2026-01-29 11:57:35.014426', 297, 279);
INSERT INTO `schedules` VALUES (215, '2026-02-06', 0, '2026-01-29 11:57:35.014426', 254, 298);
INSERT INTO `schedules` VALUES (216, '2026-03-29', 0, '2026-01-29 11:57:35.014426', 239, 284);
INSERT INTO `schedules` VALUES (217, '2026-03-18', 0, '2026-01-29 11:57:35.014426', 239, 251);
INSERT INTO `schedules` VALUES (218, '2026-01-13', 0, '2026-01-29 11:57:35.014426', 295, 294);
INSERT INTO `schedules` VALUES (219, '2026-01-20', 0, '2026-01-29 11:57:35.014426', 242, 244);
INSERT INTO `schedules` VALUES (220, '2026-01-24', 0, '2026-01-29 11:57:35.014426', 285, 230);
INSERT INTO `schedules` VALUES (221, '2026-03-22', 0, '2026-01-29 11:57:35.014426', 285, 241);
INSERT INTO `schedules` VALUES (222, '2026-01-29', 0, '2026-01-29 11:57:35.014426', 295, 227);
INSERT INTO `schedules` VALUES (223, '2026-01-10', 0, '2026-01-29 11:57:35.014426', 284, 279);
INSERT INTO `schedules` VALUES (224, '2026-01-22', 0, '2026-01-29 11:57:35.014426', 249, 286);
INSERT INTO `schedules` VALUES (225, '2026-01-20', 0, '2026-01-29 11:57:35.014426', 282, 284);
INSERT INTO `schedules` VALUES (226, '2026-02-03', 0, '2026-01-29 11:57:35.014426', 232, 255);
INSERT INTO `schedules` VALUES (227, '2026-02-17', 0, '2026-01-29 11:57:35.015948', 279, 275);
INSERT INTO `schedules` VALUES (228, '2026-01-30', 0, '2026-01-29 11:57:35.015948', 271, 244);
INSERT INTO `schedules` VALUES (229, '2026-01-20', 0, '2026-01-29 11:57:35.015948', 291, 228);
INSERT INTO `schedules` VALUES (230, '2026-01-11', 0, '2026-01-29 11:57:35.015948', 260, 304);
INSERT INTO `schedules` VALUES (231, '2026-01-04', 0, '2026-01-29 11:57:35.015948', 216, 245);
INSERT INTO `schedules` VALUES (232, '2026-01-11', 0, '2026-01-29 11:57:35.015948', 296, 284);
INSERT INTO `schedules` VALUES (233, '2026-02-18', 0, '2026-01-29 11:57:35.015948', 294, 272);
INSERT INTO `schedules` VALUES (234, '2026-03-16', 0, '2026-01-29 11:57:35.015948', 229, 212);
INSERT INTO `schedules` VALUES (235, '2026-02-12', 0, '2026-01-29 11:57:35.015948', 254, 250);
INSERT INTO `schedules` VALUES (236, '2026-01-07', 0, '2026-01-29 11:57:35.015948', 232, 238);
INSERT INTO `schedules` VALUES (237, '2026-03-19', 0, '2026-01-29 11:57:35.015948', 297, 228);
INSERT INTO `schedules` VALUES (238, '2026-03-02', 0, '2026-01-29 11:57:35.015948', 285, 222);
INSERT INTO `schedules` VALUES (239, '2026-01-29', 0, '2026-01-29 11:57:35.015948', 300, 254);
INSERT INTO `schedules` VALUES (240, '2026-03-19', 0, '2026-01-29 11:57:35.015948', 276, 223);
INSERT INTO `schedules` VALUES (241, '2026-02-26', 0, '2026-01-29 11:57:35.015948', 236, 225);
INSERT INTO `schedules` VALUES (242, '2026-03-31', 0, '2026-01-29 11:57:35.015948', 274, 292);
INSERT INTO `schedules` VALUES (243, '2026-01-04', 0, '2026-01-29 11:57:35.015948', 207, 261);
INSERT INTO `schedules` VALUES (244, '2026-02-02', 0, '2026-01-29 11:57:35.015948', 210, 299);
INSERT INTO `schedules` VALUES (245, '2026-02-20', 0, '2026-01-29 11:57:35.015948', 280, 230);
INSERT INTO `schedules` VALUES (246, '2026-01-01', 0, '2026-01-29 11:57:35.015948', 283, 237);
INSERT INTO `schedules` VALUES (247, '2026-03-17', 0, '2026-01-29 11:57:35.015948', 215, 229);
INSERT INTO `schedules` VALUES (248, '2026-01-21', 0, '2026-01-29 11:57:35.015948', 232, 231);
INSERT INTO `schedules` VALUES (249, '2026-02-15', 0, '2026-01-29 11:57:35.015948', 223, 279);
INSERT INTO `schedules` VALUES (250, '2026-02-20', 0, '2026-01-29 11:57:35.015948', 255, 214);
INSERT INTO `schedules` VALUES (251, '2026-02-05', 0, '2026-01-29 11:57:35.015948', 228, 263);
INSERT INTO `schedules` VALUES (252, '2026-01-24', 0, '2026-01-29 11:57:35.015948', 255, 286);
INSERT INTO `schedules` VALUES (253, '2026-02-25', 0, '2026-01-29 11:57:35.015948', 239, 287);
INSERT INTO `schedules` VALUES (254, '2026-02-07', 0, '2026-01-29 11:57:35.015948', 255, 284);
INSERT INTO `schedules` VALUES (255, '2026-01-23', 0, '2026-01-29 11:57:35.015948', 256, 222);
INSERT INTO `schedules` VALUES (256, '2026-02-15', 0, '2026-01-29 11:57:35.015948', 266, 233);
INSERT INTO `schedules` VALUES (257, '2026-01-26', 0, '2026-01-29 11:57:35.015948', 265, 220);
INSERT INTO `schedules` VALUES (258, '2026-03-30', 0, '2026-01-29 11:57:35.015948', 294, 241);
INSERT INTO `schedules` VALUES (259, '2026-03-28', 0, '2026-01-29 11:57:35.015948', 242, 242);
INSERT INTO `schedules` VALUES (260, '2026-01-21', 0, '2026-01-29 11:57:35.015948', 210, 221);
INSERT INTO `schedules` VALUES (261, '2026-01-14', 0, '2026-01-29 11:57:35.015948', 253, 238);
INSERT INTO `schedules` VALUES (262, '2026-03-18', 0, '2026-01-29 11:57:35.015948', 209, 214);
INSERT INTO `schedules` VALUES (263, '2026-03-08', 0, '2026-01-29 11:57:35.015948', 265, 220);
INSERT INTO `schedules` VALUES (264, '2026-02-21', 0, '2026-01-29 11:57:35.015948', 208, 272);
INSERT INTO `schedules` VALUES (265, '2026-03-03', 0, '2026-01-29 11:57:35.015948', 208, 235);
INSERT INTO `schedules` VALUES (266, '2026-03-12', 0, '2026-01-29 11:57:35.015948', 275, 247);
INSERT INTO `schedules` VALUES (267, '2026-01-09', 0, '2026-01-29 11:57:35.015948', 295, 217);
INSERT INTO `schedules` VALUES (268, '2026-03-31', 0, '2026-01-29 11:57:35.015948', 268, 264);
INSERT INTO `schedules` VALUES (269, '2026-02-05', 0, '2026-01-29 11:57:35.015948', 295, 264);
INSERT INTO `schedules` VALUES (270, '2026-03-08', 0, '2026-01-29 11:57:35.015948', 254, 287);
INSERT INTO `schedules` VALUES (271, '2026-03-26', 0, '2026-01-29 11:57:35.015948', 293, 251);
INSERT INTO `schedules` VALUES (272, '2026-01-10', 0, '2026-01-29 11:57:35.015948', 231, 221);
INSERT INTO `schedules` VALUES (273, '2026-02-24', 0, '2026-01-29 11:57:35.015948', 297, 270);
INSERT INTO `schedules` VALUES (274, '2026-01-28', 0, '2026-01-29 11:57:35.015948', 302, 245);
INSERT INTO `schedules` VALUES (275, '2026-03-01', 0, '2026-01-29 11:57:35.015948', 256, 227);
INSERT INTO `schedules` VALUES (276, '2026-01-11', 0, '2026-01-29 11:57:35.015948', 286, 288);
INSERT INTO `schedules` VALUES (277, '2026-03-01', 0, '2026-01-29 11:57:35.015948', 283, 268);
INSERT INTO `schedules` VALUES (278, '2026-03-27', 0, '2026-01-29 11:57:35.015948', 303, 269);
INSERT INTO `schedules` VALUES (279, '2026-03-22', 0, '2026-01-29 11:57:35.015948', 267, 248);
INSERT INTO `schedules` VALUES (280, '2026-01-06', 0, '2026-01-29 11:57:35.015948', 257, 293);
INSERT INTO `schedules` VALUES (281, '2026-03-28', 0, '2026-01-29 11:57:35.015948', 215, 275);
INSERT INTO `schedules` VALUES (282, '2026-02-03', 0, '2026-01-29 11:57:35.015948', 252, 251);
INSERT INTO `schedules` VALUES (283, '2026-03-20', 0, '2026-01-29 11:57:35.015948', 237, 308);
INSERT INTO `schedules` VALUES (284, '2026-01-30', 0, '2026-01-29 11:57:35.015948', 266, 252);
INSERT INTO `schedules` VALUES (285, '2026-03-06', 0, '2026-01-29 11:57:35.015948', 264, 293);
INSERT INTO `schedules` VALUES (286, '2026-01-13', 0, '2026-01-29 11:57:35.015948', 210, 210);
INSERT INTO `schedules` VALUES (287, '2026-01-20', 0, '2026-01-29 11:57:35.015948', 233, 305);
INSERT INTO `schedules` VALUES (288, '2026-02-14', 0, '2026-01-29 11:57:35.015948', 216, 217);
INSERT INTO `schedules` VALUES (289, '2026-02-10', 0, '2026-01-29 11:57:35.015948', 249, 295);
INSERT INTO `schedules` VALUES (290, '2026-01-28', 0, '2026-01-29 11:57:35.015948', 226, 304);
INSERT INTO `schedules` VALUES (291, '2026-01-27', 0, '2026-01-29 11:57:35.015948', 301, 244);
INSERT INTO `schedules` VALUES (292, '2026-03-07', 0, '2026-01-29 11:57:35.015948', 291, 223);
INSERT INTO `schedules` VALUES (293, '2026-01-05', 0, '2026-01-29 11:57:35.015948', 276, 301);
INSERT INTO `schedules` VALUES (294, '2026-03-18', 0, '2026-01-29 11:57:35.015948', 240, 287);
INSERT INTO `schedules` VALUES (295, '2026-02-15', 0, '2026-01-29 11:57:35.015948', 226, 240);
INSERT INTO `schedules` VALUES (296, '2026-01-07', 0, '2026-01-29 11:57:35.015948', 270, 280);
INSERT INTO `schedules` VALUES (297, '2026-01-19', 0, '2026-01-29 11:57:35.015948', 283, 285);
INSERT INTO `schedules` VALUES (298, '2026-03-03', 0, '2026-01-29 11:57:35.015948', 217, 261);
INSERT INTO `schedules` VALUES (299, '2026-02-21', 0, '2026-01-29 11:57:35.015948', 284, 293);
INSERT INTO `schedules` VALUES (300, '2026-03-21', 0, '2026-01-29 11:57:35.015948', 270, 238);
INSERT INTO `schedules` VALUES (301, '2026-01-16', 0, '2026-01-29 11:57:35.015948', 217, 211);
INSERT INTO `schedules` VALUES (302, '2026-01-04', 0, '2026-01-29 11:57:35.015948', 274, 239);
INSERT INTO `schedules` VALUES (303, '2026-01-19', 0, '2026-01-29 11:57:35.015948', 297, 256);
INSERT INTO `schedules` VALUES (304, '2026-01-08', 0, '2026-01-29 11:57:35.015948', 222, 234);
INSERT INTO `schedules` VALUES (305, '2026-02-11', 0, '2026-01-29 11:57:35.015948', 210, 258);
INSERT INTO `schedules` VALUES (306, '2026-03-19', 0, '2026-01-29 11:57:35.015948', 259, 246);
INSERT INTO `schedules` VALUES (307, '2026-02-04', 0, '2026-01-29 11:57:35.015948', 251, 271);
INSERT INTO `schedules` VALUES (308, '2026-02-26', 0, '2026-01-29 11:57:35.015948', 251, 270);
INSERT INTO `schedules` VALUES (309, '2026-02-24', 0, '2026-01-29 11:57:35.015948', 286, 243);
INSERT INTO `schedules` VALUES (310, '2026-01-15', 0, '2026-01-29 11:57:35.015948', 283, 262);
INSERT INTO `schedules` VALUES (311, '2026-01-09', 0, '2026-01-29 11:57:35.015948', 261, 298);
INSERT INTO `schedules` VALUES (312, '2026-01-29', 0, '2026-01-29 12:32:41.771825', 305, 212);
INSERT INTO `schedules` VALUES (313, '2026-01-30', 0, '2026-01-29 12:32:41.777466', 305, 212);
INSERT INTO `schedules` VALUES (314, '2026-01-29', 0, '2026-01-29 14:47:15.726577', 280, 209);
INSERT INTO `schedules` VALUES (315, '2026-01-30', 0, '2026-01-29 14:47:15.740741', 280, 209);

-- ----------------------------
-- Table structure for shift_swap_requests
-- ----------------------------
DROP TABLE IF EXISTS `shift_swap_requests`;
CREATE TABLE `shift_swap_requests`  (
  `id` bigint NOT NULL AUTO_INCREMENT,
  `target_date` date NOT NULL,
  `reason` longtext CHARACTER SET utf8mb4 COLLATE utf8mb4_unicode_ci NULL,
  `status` varchar(20) CHARACTER SET utf8mb4 COLLATE utf8mb4_unicode_ci NOT NULL,
  `approval_remark` longtext CHARACTER SET utf8mb4 COLLATE utf8mb4_unicode_ci NULL,
  `created_at` datetime(6) NOT NULL,
  `approver_id` bigint NULL DEFAULT NULL,
  `original_schedule_id` bigint NOT NULL,
  `requester_id` bigint NOT NULL,
  `target_shift_id` bigint NOT NULL,
  PRIMARY KEY (`id`) USING BTREE,
  INDEX `shift_swap_requests_approver_id_5b278244_fk_employee_profiles_id`(`approver_id` ASC) USING BTREE,
  INDEX `shift_swap_requests_original_schedule_id_c10ebc7b_fk_schedules`(`original_schedule_id` ASC) USING BTREE,
  INDEX `shift_swap_requests_requester_id_fa111680_fk_employee_`(`requester_id` ASC) USING BTREE,
  INDEX `shift_swap_requests_target_shift_id_ca0c7345_fk_shifts_id`(`target_shift_id` ASC) USING BTREE,
  CONSTRAINT `shift_swap_requests_approver_id_5b278244_fk_employee_profiles_id` FOREIGN KEY (`approver_id`) REFERENCES `employee_profiles` (`id`) ON DELETE RESTRICT ON UPDATE RESTRICT,
  CONSTRAINT `shift_swap_requests_original_schedule_id_c10ebc7b_fk_schedules` FOREIGN KEY (`original_schedule_id`) REFERENCES `schedules` (`id`) ON DELETE RESTRICT ON UPDATE RESTRICT,
  CONSTRAINT `shift_swap_requests_requester_id_fa111680_fk_employee_` FOREIGN KEY (`requester_id`) REFERENCES `employee_profiles` (`id`) ON DELETE RESTRICT ON UPDATE RESTRICT,
  CONSTRAINT `shift_swap_requests_target_shift_id_ca0c7345_fk_shifts_id` FOREIGN KEY (`target_shift_id`) REFERENCES `shifts` (`id`) ON DELETE RESTRICT ON UPDATE RESTRICT
) ENGINE = InnoDB AUTO_INCREMENT = 301 CHARACTER SET = utf8mb4 COLLATE = utf8mb4_unicode_ci ROW_FORMAT = Dynamic;

-- ----------------------------
-- Records of shift_swap_requests
-- ----------------------------
INSERT INTO `shift_swap_requests` VALUES (201, '2026-02-14', '临时加班安排', 'APPROVED', '情况属实，同意', '2026-01-29 11:57:35.092796', 299, 264, 208, 283);
INSERT INTO `shift_swap_requests` VALUES (202, '2026-01-16', '医生预约', 'REJECTED', '申请不符合规定', '2026-01-29 11:57:35.092796', 301, 214, 297, 228);
INSERT INTO `shift_swap_requests` VALUES (203, '2026-01-27', '参加重要聚会', 'REJECTED', '影响正常工作安排', '2026-01-29 11:57:35.092796', 304, 260, 210, 210);
INSERT INTO `shift_swap_requests` VALUES (204, '2026-02-28', '家庭安排调整', 'REJECTED', '不符合调班条件', '2026-01-29 11:57:35.092796', 299, 275, 256, 256);
INSERT INTO `shift_swap_requests` VALUES (205, '2026-01-19', '房屋维修', 'APPROVED', '经核实，同意批准', '2026-01-29 11:57:35.092796', 304, 252, 255, 215);
INSERT INTO `shift_swap_requests` VALUES (206, '2026-02-23', '体检预约', 'PENDING', NULL, '2026-01-29 11:57:35.092796', NULL, 308, 251, 279);
INSERT INTO `shift_swap_requests` VALUES (207, '2025-12-27', '医生预约', 'REJECTED', '请重新核对信息', '2026-01-29 11:57:35.092796', 304, 246, 283, 279);
INSERT INTO `shift_swap_requests` VALUES (208, '2026-02-26', '体检预约', 'PENDING', NULL, '2026-01-29 11:57:35.092796', NULL, 298, 217, 215);
INSERT INTO `shift_swap_requests` VALUES (209, '2026-03-17', '办理证件', 'REJECTED', '理由不充分，不同意', '2026-01-29 11:57:35.092796', 305, 306, 259, 250);
INSERT INTO `shift_swap_requests` VALUES (210, '2026-01-16', '家庭安排调整', 'APPROVED', '核实无误，批准', '2026-01-29 11:57:35.092796', 299, 219, 242, 265);
INSERT INTO `shift_swap_requests` VALUES (211, '2026-03-01', '接送孩子', 'REJECTED', '已有类似申请，不同意', '2026-01-29 11:57:35.092796', 299, 273, 297, 250);
INSERT INTO `shift_swap_requests` VALUES (212, '2026-01-03', '培训学习', 'PENDING', NULL, '2026-01-29 11:57:35.092796', NULL, 280, 257, 249);
INSERT INTO `shift_swap_requests` VALUES (213, '2026-01-11', '临时加班安排', 'APPROVED', '批准', '2026-01-29 11:57:35.092796', 300, 276, 286, 258);
INSERT INTO `shift_swap_requests` VALUES (214, '2026-02-10', '参加重要聚会', 'PENDING', NULL, '2026-01-29 11:57:35.092796', NULL, 226, 232, 276);
INSERT INTO `shift_swap_requests` VALUES (215, '2026-03-07', '房屋维修', 'REJECTED', '申请不符合规定', '2026-01-29 11:57:35.092796', 302, 266, 275, 237);
INSERT INTO `shift_swap_requests` VALUES (216, '2026-04-01', '办理证件', 'APPROVED', '按规定处理，同意', '2026-01-29 11:57:35.092796', 303, 242, 274, 235);
INSERT INTO `shift_swap_requests` VALUES (217, '2026-03-15', '家庭安排调整', 'PENDING', NULL, '2026-01-29 11:57:35.092796', NULL, 221, 285, 213);
INSERT INTO `shift_swap_requests` VALUES (218, '2026-01-15', '临时加班安排', 'PENDING', NULL, '2026-01-29 11:57:35.092796', NULL, 225, 282, 301);
INSERT INTO `shift_swap_requests` VALUES (219, '2026-04-02', '个人临时有事', 'PENDING', NULL, '2026-01-29 11:57:35.092796', NULL, 216, 239, 251);
INSERT INTO `shift_swap_requests` VALUES (220, '2026-02-28', '参加重要聚会', 'PENDING', NULL, '2026-01-29 11:57:35.092796', NULL, 253, 239, 279);
INSERT INTO `shift_swap_requests` VALUES (221, '2026-03-03', '重要约会', 'REJECTED', '不符合调班条件', '2026-01-29 11:57:35.092796', 299, 308, 251, 271);
INSERT INTO `shift_swap_requests` VALUES (222, '2026-02-26', '体检预约', 'APPROVED', '同意申请', '2026-01-29 11:57:35.092796', 301, 238, 285, 304);
INSERT INTO `shift_swap_requests` VALUES (223, '2026-01-21', '临时加班安排', 'APPROVED', '按规定处理，同意', '2026-01-29 11:57:35.092796', 300, 303, 297, 209);
INSERT INTO `shift_swap_requests` VALUES (224, '2026-02-03', '培训学习', 'REJECTED', '已有类似申请，不同意', '2026-01-29 11:57:35.092796', 300, 251, 228, 261);
INSERT INTO `shift_swap_requests` VALUES (225, '2026-03-02', '体检预约', 'REJECTED', '不符合调班条件', '2026-01-29 11:57:35.092796', 298, 292, 291, 211);
INSERT INTO `shift_swap_requests` VALUES (226, '2026-01-17', '其他个人原因', 'APPROVED', '情况属实，同意', '2026-01-29 11:57:35.092796', 302, 223, 284, 214);
INSERT INTO `shift_swap_requests` VALUES (227, '2026-03-21', '学校家长会', 'REJECTED', '不符合调班条件', '2026-01-29 11:57:35.092796', 299, 217, 239, 224);
INSERT INTO `shift_swap_requests` VALUES (228, '2025-12-31', '参加重要聚会', 'PENDING', NULL, '2026-01-29 11:57:35.092796', NULL, 302, 274, 210);
INSERT INTO `shift_swap_requests` VALUES (229, '2026-03-16', '临时加班安排', 'APPROVED', '批准', '2026-01-29 11:57:35.092796', 302, 262, 209, 255);
INSERT INTO `shift_swap_requests` VALUES (230, '2026-04-04', '与其他员工协商调班', 'REJECTED', '请重新核对信息', '2026-01-29 11:57:35.092796', 298, 268, 268, 278);
INSERT INTO `shift_swap_requests` VALUES (231, '2026-02-24', '房屋维修', 'PENDING', NULL, '2026-01-29 11:57:35.092796', NULL, 250, 255, 210);
INSERT INTO `shift_swap_requests` VALUES (232, '2026-01-26', '接送孩子', 'PENDING', NULL, '2026-01-29 11:57:35.092796', NULL, 274, 302, 222);
INSERT INTO `shift_swap_requests` VALUES (233, '2026-02-15', '体检预约', 'PENDING', NULL, '2026-01-29 11:57:35.092796', NULL, 227, 279, 228);
INSERT INTO `shift_swap_requests` VALUES (234, '2026-01-06', '参加重要聚会', 'PENDING', NULL, '2026-01-29 11:57:35.092796', NULL, 218, 295, 257);
INSERT INTO `shift_swap_requests` VALUES (235, '2026-01-07', '办理证件', 'PENDING', NULL, '2026-01-29 11:57:35.092796', NULL, 302, 274, 307);
INSERT INTO `shift_swap_requests` VALUES (236, '2026-03-04', '临时加班安排', 'REJECTED', '已有类似申请，不同意', '2026-01-29 11:57:35.092796', 300, 298, 217, 302);
INSERT INTO `shift_swap_requests` VALUES (237, '2026-02-04', '体检预约', 'APPROVED', '申请合理，同意', '2026-01-29 11:57:35.094478', 302, 307, 251, 295);
INSERT INTO `shift_swap_requests` VALUES (238, '2026-03-26', '体检预约', 'REJECTED', '影响正常工作安排', '2026-01-29 11:57:35.094478', 301, 240, 276, 268);
INSERT INTO `shift_swap_requests` VALUES (239, '2026-02-24', '办理证件', 'PENDING', NULL, '2026-01-29 11:57:35.094478', NULL, 227, 279, 250);
INSERT INTO `shift_swap_requests` VALUES (240, '2026-03-15', '体检预约', 'PENDING', NULL, '2026-01-29 11:57:35.094478', NULL, 247, 215, 304);
INSERT INTO `shift_swap_requests` VALUES (241, '2026-02-10', '与其他员工协商调班', 'PENDING', NULL, '2026-01-29 11:57:35.094478', NULL, 235, 254, 251);
INSERT INTO `shift_swap_requests` VALUES (242, '2026-03-01', '与其他员工协商调班', 'APPROVED', '经核实，同意批准', '2026-01-29 11:57:35.094478', 303, 285, 264, 237);
INSERT INTO `shift_swap_requests` VALUES (243, '2026-03-20', '学校家长会', 'REJECTED', '时机不合适，请调整', '2026-01-29 11:57:35.094478', 298, 279, 267, 292);
INSERT INTO `shift_swap_requests` VALUES (244, '2026-01-29', '参加重要聚会', 'PENDING', NULL, '2026-01-29 11:57:35.094478', NULL, 290, 226, 300);
INSERT INTO `shift_swap_requests` VALUES (245, '2026-01-15', '办理证件', 'PENDING', NULL, '2026-01-29 11:57:35.094478', NULL, 223, 284, 299);
INSERT INTO `shift_swap_requests` VALUES (246, '2026-01-10', '个人临时有事', 'APPROVED', '同意', '2026-01-29 11:57:35.094478', 299, 302, 274, 288);
INSERT INTO `shift_swap_requests` VALUES (247, '2026-02-16', '照顾老人', 'PENDING', NULL, '2026-01-29 11:57:35.094478', NULL, 227, 279, 225);
INSERT INTO `shift_swap_requests` VALUES (248, '2026-02-17', '个人临时有事', 'REJECTED', '申请不符合规定', '2026-01-29 11:57:35.094478', 298, 249, 223, 278);
INSERT INTO `shift_swap_requests` VALUES (249, '2026-03-15', '办理证件', 'APPROVED', '特殊情况，同意', '2026-01-29 11:57:35.094478', 304, 262, 209, 253);
INSERT INTO `shift_swap_requests` VALUES (250, '2026-01-20', '体检预约', 'PENDING', NULL, '2026-01-29 11:57:35.094478', NULL, 261, 253, 287);
INSERT INTO `shift_swap_requests` VALUES (251, '2026-01-03', '与其他员工协商调班', 'PENDING', NULL, '2026-01-29 11:57:35.094478', NULL, 311, 261, 239);
INSERT INTO `shift_swap_requests` VALUES (252, '2026-01-29', '培训学习', 'APPROVED', '情况属实，同意', '2026-01-29 11:57:35.094478', 303, 212, 232, 226);
INSERT INTO `shift_swap_requests` VALUES (253, '2026-02-16', '体检预约', 'PENDING', NULL, '2026-01-29 11:57:35.094478', NULL, 305, 210, 236);
INSERT INTO `shift_swap_requests` VALUES (254, '2026-03-27', '办理证件', 'PENDING', NULL, '2026-01-29 11:57:35.094478', NULL, 283, 237, 292);
INSERT INTO `shift_swap_requests` VALUES (255, '2026-02-18', '照顾老人', 'PENDING', NULL, '2026-01-29 11:57:35.094478', NULL, 264, 208, 237);
INSERT INTO `shift_swap_requests` VALUES (256, '2026-01-31', '培训学习', 'PENDING', NULL, '2026-01-29 11:57:35.094478', NULL, 307, 251, 219);
INSERT INTO `shift_swap_requests` VALUES (257, '2026-01-13', '体检预约', 'PENDING', NULL, '2026-01-29 11:57:35.094478', NULL, 267, 295, 214);
INSERT INTO `shift_swap_requests` VALUES (258, '2026-01-29', '其他个人原因', 'APPROVED', '同意申请', '2026-01-29 11:57:35.094478', 304, 274, 302, 217);
INSERT INTO `shift_swap_requests` VALUES (259, '2026-01-07', '参加重要聚会', 'APPROVED', '按规定处理，同意', '2026-01-29 11:57:35.094478', 304, 293, 276, 264);
INSERT INTO `shift_swap_requests` VALUES (260, '2026-02-14', '参加重要聚会', 'REJECTED', '不符合调班条件', '2026-01-29 11:57:35.094478', 299, 295, 226, 254);
INSERT INTO `shift_swap_requests` VALUES (261, '2026-03-12', '参加重要聚会', 'REJECTED', '请重新核对信息', '2026-01-29 11:57:35.094478', 299, 263, 265, 300);
INSERT INTO `shift_swap_requests` VALUES (262, '2026-03-21', '接送孩子', 'REJECTED', '已有类似申请，不同意', '2026-01-29 11:57:35.094478', 301, 221, 285, 277);
INSERT INTO `shift_swap_requests` VALUES (263, '2026-03-05', '参加重要聚会', 'APPROVED', '同意', '2026-01-29 11:57:35.094478', 299, 275, 256, 305);
INSERT INTO `shift_swap_requests` VALUES (264, '2026-03-02', '体检预约', 'REJECTED', '请与主管沟通后再申请', '2026-01-29 11:57:35.094478', 301, 292, 291, 250);
INSERT INTO `shift_swap_requests` VALUES (265, '2026-01-04', '其他个人原因', 'APPROVED', '同意申请', '2026-01-29 11:57:35.094478', 301, 280, 257, 271);
INSERT INTO `shift_swap_requests` VALUES (266, '2026-01-20', '照顾老人', 'REJECTED', '已有类似申请，不同意', '2026-01-29 11:57:35.094478', 303, 219, 242, 258);
INSERT INTO `shift_swap_requests` VALUES (267, '2026-01-25', '个人临时有事', 'REJECTED', '申请不符合规定', '2026-01-29 11:57:35.094478', 300, 290, 226, 302);
INSERT INTO `shift_swap_requests` VALUES (268, '2026-02-26', '接送孩子', 'APPROVED', '同意申请', '2026-01-29 11:57:35.094478', 299, 275, 256, 290);
INSERT INTO `shift_swap_requests` VALUES (269, '2026-03-24', '医生预约', 'APPROVED', '同意', '2026-01-29 11:57:35.094478', 301, 217, 239, 272);
INSERT INTO `shift_swap_requests` VALUES (270, '2026-04-03', '办理证件', 'APPROVED', '批准', '2026-01-29 11:57:35.094478', 303, 216, 239, 288);
INSERT INTO `shift_swap_requests` VALUES (271, '2026-02-01', '个人临时有事', 'REJECTED', '已有类似申请，不同意', '2026-01-29 11:57:35.094478', 298, 215, 254, 301);
INSERT INTO `shift_swap_requests` VALUES (272, '2026-01-12', '体检预约', 'PENDING', NULL, '2026-01-29 11:57:35.094478', NULL, 236, 232, 209);
INSERT INTO `shift_swap_requests` VALUES (273, '2026-02-21', '重要约会', 'PENDING', NULL, '2026-01-29 11:57:35.094478', NULL, 264, 208, 217);
INSERT INTO `shift_swap_requests` VALUES (274, '2026-02-17', '接送孩子', 'REJECTED', '影响正常工作安排', '2026-01-29 11:57:35.094478', 305, 288, 216, 293);
INSERT INTO `shift_swap_requests` VALUES (275, '2026-01-30', '培训学习', 'PENDING', NULL, '2026-01-29 11:57:35.094478', NULL, 252, 255, 275);
INSERT INTO `shift_swap_requests` VALUES (276, '2026-03-07', '家庭安排调整', 'APPROVED', '特殊情况，同意', '2026-01-29 11:57:35.094478', 303, 277, 283, 245);
INSERT INTO `shift_swap_requests` VALUES (277, '2026-01-20', '培训学习', 'REJECTED', '时机不合适，请调整', '2026-01-29 11:57:35.094478', 302, 287, 233, 221);
INSERT INTO `shift_swap_requests` VALUES (278, '2026-02-03', '临时加班安排', 'PENDING', NULL, '2026-01-29 11:57:35.094478', NULL, 222, 295, 224);
INSERT INTO `shift_swap_requests` VALUES (279, '2026-02-15', '家庭安排调整', 'REJECTED', '已有类似申请，不同意', '2026-01-29 11:57:35.094478', 304, 264, 208, 265);
INSERT INTO `shift_swap_requests` VALUES (280, '2026-03-01', '接送孩子', 'REJECTED', '理由不充分，不同意', '2026-01-29 11:57:35.094478', 301, 298, 217, 237);
INSERT INTO `shift_swap_requests` VALUES (281, '2026-01-19', '家庭安排调整', 'APPROVED', '经核实，同意批准', '2026-01-29 11:57:35.094478', 302, 218, 295, 261);
INSERT INTO `shift_swap_requests` VALUES (282, '2026-02-28', '其他个人原因', 'REJECTED', '申请不符合规定', '2026-01-29 11:57:35.094478', 304, 277, 283, 272);
INSERT INTO `shift_swap_requests` VALUES (283, '2026-04-04', '临时加班安排', 'REJECTED', '请提供更多证明材料', '2026-01-29 11:57:35.094478', 300, 259, 242, 250);
INSERT INTO `shift_swap_requests` VALUES (284, '2026-01-25', '房屋维修', 'PENDING', NULL, '2026-01-29 11:57:35.094478', NULL, 303, 297, 291);
INSERT INTO `shift_swap_requests` VALUES (285, '2026-03-17', '学校家长会', 'APPROVED', '同意', '2026-01-29 11:57:35.094478', 299, 237, 297, 304);
INSERT INTO `shift_swap_requests` VALUES (286, '2026-01-18', '学校家长会', 'APPROVED', '批准', '2026-01-29 11:57:35.094478', 302, 214, 297, 281);
INSERT INTO `shift_swap_requests` VALUES (287, '2026-01-24', '学校家长会', 'APPROVED', '已确认，批准', '2026-01-29 11:57:35.094478', 304, 212, 232, 250);
INSERT INTO `shift_swap_requests` VALUES (288, '2026-02-22', '个人临时有事', 'PENDING', NULL, '2026-01-29 11:57:35.094478', NULL, 277, 283, 302);
INSERT INTO `shift_swap_requests` VALUES (289, '2026-02-18', '医生预约', 'REJECTED', '请与主管沟通后再申请', '2026-01-29 11:57:35.094478', 300, 235, 254, 239);
INSERT INTO `shift_swap_requests` VALUES (290, '2026-01-17', '参加重要聚会', 'PENDING', NULL, '2026-01-29 11:57:35.094478', NULL, 272, 231, 306);
INSERT INTO `shift_swap_requests` VALUES (291, '2026-02-06', '照顾老人', 'APPROVED', '申请合理，同意', '2026-01-29 11:57:35.094478', 298, 284, 266, 306);
INSERT INTO `shift_swap_requests` VALUES (292, '2026-02-10', '其他个人原因', 'PENDING', NULL, '2026-01-29 11:57:35.094478', NULL, 295, 226, 238);
INSERT INTO `shift_swap_requests` VALUES (293, '2026-03-17', '其他个人原因', 'REJECTED', '影响正常工作安排', '2026-01-29 11:57:35.094478', 303, 247, 215, 245);
INSERT INTO `shift_swap_requests` VALUES (294, '2026-02-05', '照顾老人', 'APPROVED', '按规定处理，同意', '2026-01-29 11:57:35.094478', 304, 226, 232, 217);
INSERT INTO `shift_swap_requests` VALUES (295, '2026-01-10', '医生预约', 'APPROVED', '特殊情况，同意', '2026-01-29 11:57:35.094478', 305, 280, 257, 274);
INSERT INTO `shift_swap_requests` VALUES (296, '2026-03-31', '照顾老人', 'PENDING', NULL, '2026-01-29 11:57:35.094478', NULL, 268, 268, 269);
INSERT INTO `shift_swap_requests` VALUES (297, '2026-01-23', '临时加班安排', 'APPROVED', '特殊情况，同意', '2026-01-29 11:57:35.094478', 298, 255, 256, 287);
INSERT INTO `shift_swap_requests` VALUES (298, '2026-01-13', '培训学习', 'PENDING', NULL, '2026-01-29 11:57:35.094478', NULL, 303, 297, 303);
INSERT INTO `shift_swap_requests` VALUES (299, '2026-01-05', '个人临时有事', 'PENDING', NULL, '2026-01-29 11:57:35.094478', NULL, 280, 257, 268);
INSERT INTO `shift_swap_requests` VALUES (300, '2026-02-11', '家庭安排调整', 'PENDING', NULL, '2026-01-29 11:57:35.094478', NULL, 251, 228, 285);

-- ----------------------------
-- Table structure for shifts
-- ----------------------------
DROP TABLE IF EXISTS `shifts`;
CREATE TABLE `shifts`  (
  `id` bigint NOT NULL AUTO_INCREMENT,
  `name` varchar(20) CHARACTER SET utf8mb4 COLLATE utf8mb4_unicode_ci NOT NULL,
  `start_time` time(6) NOT NULL,
  `end_time` time(6) NOT NULL,
  `created_at` datetime(6) NOT NULL,
  PRIMARY KEY (`id`) USING BTREE
) ENGINE = InnoDB AUTO_INCREMENT = 309 CHARACTER SET = utf8mb4 COLLATE = utf8mb4_unicode_ci ROW_FORMAT = Dynamic;

-- ----------------------------
-- Records of shifts
-- ----------------------------
INSERT INTO `shifts` VALUES (209, '早餐班1', '05:30:00.000000', '10:00:00.000000', '2026-01-29 11:57:34.996716');
INSERT INTO `shifts` VALUES (210, '早餐班2', '05:30:00.000000', '10:00:00.000000', '2026-01-29 11:57:34.996716');
INSERT INTO `shifts` VALUES (211, '早餐班3', '05:30:00.000000', '10:00:00.000000', '2026-01-29 11:57:34.996716');
INSERT INTO `shifts` VALUES (212, '早餐班4', '05:30:00.000000', '10:00:00.000000', '2026-01-29 11:57:34.996716');
INSERT INTO `shifts` VALUES (213, '早餐班5', '05:30:00.000000', '10:00:00.000000', '2026-01-29 11:57:34.996716');
INSERT INTO `shifts` VALUES (214, '早餐班6', '05:30:00.000000', '10:00:00.000000', '2026-01-29 11:57:34.996716');
INSERT INTO `shifts` VALUES (215, '早餐班7', '05:30:00.000000', '10:00:00.000000', '2026-01-29 11:57:34.996716');
INSERT INTO `shifts` VALUES (216, '早餐班8', '05:30:00.000000', '10:00:00.000000', '2026-01-29 11:57:34.996716');
INSERT INTO `shifts` VALUES (217, '早餐班9', '05:30:00.000000', '10:00:00.000000', '2026-01-29 11:57:34.996716');
INSERT INTO `shifts` VALUES (218, '早餐班10', '05:30:00.000000', '10:00:00.000000', '2026-01-29 11:57:34.996716');
INSERT INTO `shifts` VALUES (219, '早餐班11', '05:30:00.000000', '10:00:00.000000', '2026-01-29 11:57:34.996716');
INSERT INTO `shifts` VALUES (220, '早餐班12', '05:30:00.000000', '10:00:00.000000', '2026-01-29 11:57:34.996716');
INSERT INTO `shifts` VALUES (221, '早餐班13', '05:30:00.000000', '10:00:00.000000', '2026-01-29 11:57:34.996716');
INSERT INTO `shifts` VALUES (222, '早餐班14', '05:30:00.000000', '10:00:00.000000', '2026-01-29 11:57:34.996716');
INSERT INTO `shifts` VALUES (223, '早餐班15', '05:30:00.000000', '10:00:00.000000', '2026-01-29 11:57:34.996716');
INSERT INTO `shifts` VALUES (224, '早餐班16', '05:30:00.000000', '10:00:00.000000', '2026-01-29 11:57:34.996716');
INSERT INTO `shifts` VALUES (225, '早餐班17', '05:30:00.000000', '10:00:00.000000', '2026-01-29 11:57:34.996716');
INSERT INTO `shifts` VALUES (226, '早餐班18', '05:30:00.000000', '10:00:00.000000', '2026-01-29 11:57:34.996716');
INSERT INTO `shifts` VALUES (227, '早餐班19', '05:30:00.000000', '10:00:00.000000', '2026-01-29 11:57:34.996716');
INSERT INTO `shifts` VALUES (228, '早餐班20', '05:30:00.000000', '10:00:00.000000', '2026-01-29 11:57:34.996716');
INSERT INTO `shifts` VALUES (229, '中餐班1', '10:00:00.000000', '14:30:00.000000', '2026-01-29 11:57:34.996716');
INSERT INTO `shifts` VALUES (230, '中餐班2', '10:00:00.000000', '14:30:00.000000', '2026-01-29 11:57:34.996716');
INSERT INTO `shifts` VALUES (231, '中餐班3', '10:00:00.000000', '14:30:00.000000', '2026-01-29 11:57:34.996716');
INSERT INTO `shifts` VALUES (232, '中餐班4', '10:00:00.000000', '14:30:00.000000', '2026-01-29 11:57:34.996716');
INSERT INTO `shifts` VALUES (233, '中餐班5', '10:00:00.000000', '14:30:00.000000', '2026-01-29 11:57:34.996716');
INSERT INTO `shifts` VALUES (234, '中餐班6', '10:00:00.000000', '14:30:00.000000', '2026-01-29 11:57:34.996716');
INSERT INTO `shifts` VALUES (235, '中餐班7', '10:00:00.000000', '14:30:00.000000', '2026-01-29 11:57:34.996716');
INSERT INTO `shifts` VALUES (236, '中餐班8', '10:00:00.000000', '14:30:00.000000', '2026-01-29 11:57:34.996716');
INSERT INTO `shifts` VALUES (237, '中餐班9', '10:00:00.000000', '14:30:00.000000', '2026-01-29 11:57:34.996716');
INSERT INTO `shifts` VALUES (238, '中餐班10', '10:00:00.000000', '14:30:00.000000', '2026-01-29 11:57:34.996716');
INSERT INTO `shifts` VALUES (239, '中餐班11', '10:00:00.000000', '14:30:00.000000', '2026-01-29 11:57:34.996716');
INSERT INTO `shifts` VALUES (240, '中餐班12', '10:00:00.000000', '14:30:00.000000', '2026-01-29 11:57:34.996716');
INSERT INTO `shifts` VALUES (241, '中餐班13', '10:00:00.000000', '14:30:00.000000', '2026-01-29 11:57:34.996716');
INSERT INTO `shifts` VALUES (242, '中餐班14', '10:00:00.000000', '14:30:00.000000', '2026-01-29 11:57:34.996716');
INSERT INTO `shifts` VALUES (243, '中餐班15', '10:00:00.000000', '14:30:00.000000', '2026-01-29 11:57:34.996716');
INSERT INTO `shifts` VALUES (244, '中餐班16', '10:00:00.000000', '14:30:00.000000', '2026-01-29 11:57:34.996716');
INSERT INTO `shifts` VALUES (245, '中餐班17', '10:00:00.000000', '14:30:00.000000', '2026-01-29 11:57:34.996716');
INSERT INTO `shifts` VALUES (246, '中餐班18', '10:00:00.000000', '14:30:00.000000', '2026-01-29 11:57:34.996716');
INSERT INTO `shifts` VALUES (247, '中餐班19', '10:00:00.000000', '14:30:00.000000', '2026-01-29 11:57:34.996716');
INSERT INTO `shifts` VALUES (248, '中餐班20', '10:00:00.000000', '14:30:00.000000', '2026-01-29 11:57:34.996716');
INSERT INTO `shifts` VALUES (249, '晚餐班1', '16:00:00.000000', '20:30:00.000000', '2026-01-29 11:57:34.996716');
INSERT INTO `shifts` VALUES (250, '晚餐班2', '16:00:00.000000', '20:30:00.000000', '2026-01-29 11:57:34.996716');
INSERT INTO `shifts` VALUES (251, '晚餐班3', '16:00:00.000000', '20:30:00.000000', '2026-01-29 11:57:34.996716');
INSERT INTO `shifts` VALUES (252, '晚餐班4', '16:00:00.000000', '20:30:00.000000', '2026-01-29 11:57:34.996716');
INSERT INTO `shifts` VALUES (253, '晚餐班5', '16:00:00.000000', '20:30:00.000000', '2026-01-29 11:57:34.996716');
INSERT INTO `shifts` VALUES (254, '晚餐班6', '16:00:00.000000', '20:30:00.000000', '2026-01-29 11:57:34.996716');
INSERT INTO `shifts` VALUES (255, '晚餐班7', '16:00:00.000000', '20:30:00.000000', '2026-01-29 11:57:34.996716');
INSERT INTO `shifts` VALUES (256, '晚餐班8', '16:00:00.000000', '20:30:00.000000', '2026-01-29 11:57:34.996716');
INSERT INTO `shifts` VALUES (257, '晚餐班9', '16:00:00.000000', '20:30:00.000000', '2026-01-29 11:57:34.996716');
INSERT INTO `shifts` VALUES (258, '晚餐班10', '16:00:00.000000', '20:30:00.000000', '2026-01-29 11:57:34.996716');
INSERT INTO `shifts` VALUES (259, '晚餐班11', '16:00:00.000000', '20:30:00.000000', '2026-01-29 11:57:34.996716');
INSERT INTO `shifts` VALUES (260, '晚餐班12', '16:00:00.000000', '20:30:00.000000', '2026-01-29 11:57:34.996716');
INSERT INTO `shifts` VALUES (261, '晚餐班13', '16:00:00.000000', '20:30:00.000000', '2026-01-29 11:57:34.996716');
INSERT INTO `shifts` VALUES (262, '晚餐班14', '16:00:00.000000', '20:30:00.000000', '2026-01-29 11:57:34.996716');
INSERT INTO `shifts` VALUES (263, '晚餐班15', '16:00:00.000000', '20:30:00.000000', '2026-01-29 11:57:34.996716');
INSERT INTO `shifts` VALUES (264, '晚餐班16', '16:00:00.000000', '20:30:00.000000', '2026-01-29 11:57:34.996716');
INSERT INTO `shifts` VALUES (265, '晚餐班17', '16:00:00.000000', '20:30:00.000000', '2026-01-29 11:57:34.996716');
INSERT INTO `shifts` VALUES (266, '晚餐班18', '16:00:00.000000', '20:30:00.000000', '2026-01-29 11:57:34.996716');
INSERT INTO `shifts` VALUES (267, '晚餐班19', '16:00:00.000000', '20:30:00.000000', '2026-01-29 11:57:34.996716');
INSERT INTO `shifts` VALUES (268, '晚餐班20', '16:00:00.000000', '20:30:00.000000', '2026-01-29 11:57:34.996716');
INSERT INTO `shifts` VALUES (269, '早中连班1', '05:30:00.000000', '14:30:00.000000', '2026-01-29 11:57:34.996716');
INSERT INTO `shifts` VALUES (270, '早中连班2', '05:30:00.000000', '14:30:00.000000', '2026-01-29 11:57:34.996716');
INSERT INTO `shifts` VALUES (271, '早中连班3', '05:30:00.000000', '14:30:00.000000', '2026-01-29 11:57:34.996716');
INSERT INTO `shifts` VALUES (272, '早中连班4', '05:30:00.000000', '14:30:00.000000', '2026-01-29 11:57:34.996716');
INSERT INTO `shifts` VALUES (273, '早中连班5', '05:30:00.000000', '14:30:00.000000', '2026-01-29 11:57:34.996716');
INSERT INTO `shifts` VALUES (274, '早中连班6', '05:30:00.000000', '14:30:00.000000', '2026-01-29 11:57:34.996716');
INSERT INTO `shifts` VALUES (275, '早中连班7', '05:30:00.000000', '14:30:00.000000', '2026-01-29 11:57:34.996716');
INSERT INTO `shifts` VALUES (276, '早中连班8', '05:30:00.000000', '14:30:00.000000', '2026-01-29 11:57:34.996716');
INSERT INTO `shifts` VALUES (277, '早中连班9', '05:30:00.000000', '14:30:00.000000', '2026-01-29 11:57:34.996716');
INSERT INTO `shifts` VALUES (278, '早中连班10', '05:30:00.000000', '14:30:00.000000', '2026-01-29 11:57:34.996716');
INSERT INTO `shifts` VALUES (279, '早中连班11', '05:30:00.000000', '14:30:00.000000', '2026-01-29 11:57:34.998474');
INSERT INTO `shifts` VALUES (280, '早中连班12', '05:30:00.000000', '14:30:00.000000', '2026-01-29 11:57:34.998474');
INSERT INTO `shifts` VALUES (281, '早中连班13', '05:30:00.000000', '14:30:00.000000', '2026-01-29 11:57:34.998474');
INSERT INTO `shifts` VALUES (282, '早中连班14', '05:30:00.000000', '14:30:00.000000', '2026-01-29 11:57:34.998474');
INSERT INTO `shifts` VALUES (283, '早中连班15', '05:30:00.000000', '14:30:00.000000', '2026-01-29 11:57:34.998474');
INSERT INTO `shifts` VALUES (284, '中晚连班1', '10:00:00.000000', '20:30:00.000000', '2026-01-29 11:57:34.998474');
INSERT INTO `shifts` VALUES (285, '中晚连班2', '10:00:00.000000', '20:30:00.000000', '2026-01-29 11:57:34.998474');
INSERT INTO `shifts` VALUES (286, '中晚连班3', '10:00:00.000000', '20:30:00.000000', '2026-01-29 11:57:34.998474');
INSERT INTO `shifts` VALUES (287, '中晚连班4', '10:00:00.000000', '20:30:00.000000', '2026-01-29 11:57:34.998474');
INSERT INTO `shifts` VALUES (288, '中晚连班5', '10:00:00.000000', '20:30:00.000000', '2026-01-29 11:57:34.998474');
INSERT INTO `shifts` VALUES (289, '中晚连班6', '10:00:00.000000', '20:30:00.000000', '2026-01-29 11:57:34.998474');
INSERT INTO `shifts` VALUES (290, '中晚连班7', '10:00:00.000000', '20:30:00.000000', '2026-01-29 11:57:34.998474');
INSERT INTO `shifts` VALUES (291, '中晚连班8', '10:00:00.000000', '20:30:00.000000', '2026-01-29 11:57:34.998474');
INSERT INTO `shifts` VALUES (292, '中晚连班9', '10:00:00.000000', '20:30:00.000000', '2026-01-29 11:57:34.998474');
INSERT INTO `shifts` VALUES (293, '中晚连班10', '10:00:00.000000', '20:30:00.000000', '2026-01-29 11:57:34.998474');
INSERT INTO `shifts` VALUES (294, '中晚连班11', '10:00:00.000000', '20:30:00.000000', '2026-01-29 11:57:34.998474');
INSERT INTO `shifts` VALUES (295, '中晚连班12', '10:00:00.000000', '20:30:00.000000', '2026-01-29 11:57:34.998474');
INSERT INTO `shifts` VALUES (296, '中晚连班13', '10:00:00.000000', '20:30:00.000000', '2026-01-29 11:57:34.998474');
INSERT INTO `shifts` VALUES (297, '中晚连班14', '10:00:00.000000', '20:30:00.000000', '2026-01-29 11:57:34.998474');
INSERT INTO `shifts` VALUES (298, '中晚连班15', '10:00:00.000000', '20:30:00.000000', '2026-01-29 11:57:34.998474');
INSERT INTO `shifts` VALUES (299, '全天班1', '08:00:00.000000', '20:00:00.000000', '2026-01-29 11:57:34.998474');
INSERT INTO `shifts` VALUES (300, '全天班2', '08:00:00.000000', '20:00:00.000000', '2026-01-29 11:57:34.998474');
INSERT INTO `shifts` VALUES (301, '全天班3', '08:00:00.000000', '20:00:00.000000', '2026-01-29 11:57:34.998474');
INSERT INTO `shifts` VALUES (302, '全天班4', '08:00:00.000000', '20:00:00.000000', '2026-01-29 11:57:34.998474');
INSERT INTO `shifts` VALUES (303, '全天班5', '08:00:00.000000', '20:00:00.000000', '2026-01-29 11:57:34.998474');
INSERT INTO `shifts` VALUES (304, '全天班6', '08:00:00.000000', '20:00:00.000000', '2026-01-29 11:57:34.998474');
INSERT INTO `shifts` VALUES (305, '全天班7', '08:00:00.000000', '20:00:00.000000', '2026-01-29 11:57:34.998474');
INSERT INTO `shifts` VALUES (306, '全天班8', '08:00:00.000000', '20:00:00.000000', '2026-01-29 11:57:34.998474');
INSERT INTO `shifts` VALUES (307, '全天班9', '08:00:00.000000', '20:00:00.000000', '2026-01-29 11:57:34.998474');
INSERT INTO `shifts` VALUES (308, '全天班10', '08:00:00.000000', '20:00:00.000000', '2026-01-29 11:57:34.998474');

-- ----------------------------
-- Table structure for system_settings
-- ----------------------------
DROP TABLE IF EXISTS `system_settings`;
CREATE TABLE `system_settings`  (
  `id` bigint NOT NULL AUTO_INCREMENT,
  `grace_period_minutes` int NOT NULL,
  `early_leave_grace_minutes` int NOT NULL,
  `late_deduction` decimal(10, 2) NOT NULL,
  `missing_deduction` decimal(10, 2) NOT NULL,
  `days_per_month` decimal(5, 2) NOT NULL,
  `hours_per_day` decimal(5, 2) NOT NULL,
  `overtime_rate` decimal(5, 2) NOT NULL,
  `created_at` datetime(6) NOT NULL,
  `updated_at` datetime(6) NOT NULL,
  PRIMARY KEY (`id`) USING BTREE
) ENGINE = InnoDB AUTO_INCREMENT = 2 CHARACTER SET = utf8mb4 COLLATE = utf8mb4_unicode_ci ROW_FORMAT = Dynamic;

-- ----------------------------
-- Records of system_settings
-- ----------------------------
INSERT INTO `system_settings` VALUES (1, 5, 5, 20.00, 50.00, 21.75, 8.00, 1.50, '2026-01-28 14:22:30.007857', '2026-01-28 14:22:30.007857');

-- ----------------------------
-- Table structure for users
-- ----------------------------
DROP TABLE IF EXISTS `users`;
CREATE TABLE `users`  (
  `id` bigint NOT NULL AUTO_INCREMENT,
  `username` varchar(50) CHARACTER SET utf8mb4 COLLATE utf8mb4_unicode_ci NOT NULL,
  `password` varchar(255) CHARACTER SET utf8mb4 COLLATE utf8mb4_unicode_ci NOT NULL,
  `employee_id` bigint NULL DEFAULT NULL,
  `role` varchar(10) CHARACTER SET utf8mb4 COLLATE utf8mb4_unicode_ci NOT NULL,
  `status` varchar(10) CHARACTER SET utf8mb4 COLLATE utf8mb4_unicode_ci NOT NULL,
  `created_at` datetime(6) NOT NULL,
  `updated_at` datetime(6) NOT NULL,
  PRIMARY KEY (`id`) USING BTREE,
  UNIQUE INDEX `username`(`username` ASC) USING BTREE
) ENGINE = InnoDB AUTO_INCREMENT = 305 CHARACTER SET = utf8mb4 COLLATE = utf8mb4_unicode_ci ROW_FORMAT = Dynamic;

-- ----------------------------
-- Records of users
-- ----------------------------
INSERT INTO `users` VALUES (205, 'admin001', '123456', 267, 'ADMIN', 'ENABLED', '2026-01-29 11:57:35.003076', '2026-01-29 11:57:35.003076');
INSERT INTO `users` VALUES (206, 'admin002', '123456', 220, 'ADMIN', 'ENABLED', '2026-01-29 11:57:35.003076', '2026-01-29 11:57:35.003076');
INSERT INTO `users` VALUES (207, 'admin003', '123456', 260, 'ADMIN', 'ENABLED', '2026-01-29 11:57:35.003076', '2026-01-29 11:57:35.003076');
INSERT INTO `users` VALUES (208, 'admin004', '123456', 272, 'ADMIN', 'ENABLED', '2026-01-29 11:57:35.003076', '2026-01-29 11:57:35.003076');
INSERT INTO `users` VALUES (209, 'admin005', '123456', 296, 'ADMIN', 'ENABLED', '2026-01-29 11:57:35.003076', '2026-01-29 11:57:35.003076');
INSERT INTO `users` VALUES (210, 'admin006', '123456', 224, 'ADMIN', 'ENABLED', '2026-01-29 11:57:35.003076', '2026-01-29 11:57:35.003076');
INSERT INTO `users` VALUES (211, 'admin007', '123456', 283, 'ADMIN', 'DISABLED', '2026-01-29 11:57:35.003076', '2026-01-29 11:57:35.004124');
INSERT INTO `users` VALUES (212, 'admin008', '123456', 270, 'ADMIN', 'ENABLED', '2026-01-29 11:57:35.004124', '2026-01-29 11:57:35.004124');
INSERT INTO `users` VALUES (213, 'admin009', '123456', 293, 'ADMIN', 'ENABLED', '2026-01-29 11:57:35.004124', '2026-01-29 11:57:35.004124');
INSERT INTO `users` VALUES (214, 'admin010', '123456', 286, 'ADMIN', 'ENABLED', '2026-01-29 11:57:35.004124', '2026-01-29 11:57:35.004124');
INSERT INTO `users` VALUES (215, 'user001', 'xue123456.', 280, 'EMPLOYEE', 'ENABLED', '2026-01-29 11:57:35.004124', '2026-01-29 15:00:55.956993');
INSERT INTO `users` VALUES (216, 'user002', '123456', NULL, 'EMPLOYEE', 'ENABLED', '2026-01-29 11:57:35.004124', '2026-01-29 11:57:35.004124');
INSERT INTO `users` VALUES (217, 'user003', '123456', 231, 'EMPLOYEE', 'ENABLED', '2026-01-29 11:57:35.004124', '2026-01-29 11:57:35.004124');
INSERT INTO `users` VALUES (218, 'user004', '123456', 270, 'EMPLOYEE', 'ENABLED', '2026-01-29 11:57:35.004124', '2026-01-29 11:57:35.004124');
INSERT INTO `users` VALUES (219, 'user005', '123456', 281, 'EMPLOYEE', 'ENABLED', '2026-01-29 11:57:35.004124', '2026-01-29 11:57:35.004124');
INSERT INTO `users` VALUES (220, 'user006', '123456', 299, 'EMPLOYEE', 'ENABLED', '2026-01-29 11:57:35.004124', '2026-01-29 11:57:35.004124');
INSERT INTO `users` VALUES (221, 'user007', '123456', 275, 'EMPLOYEE', 'ENABLED', '2026-01-29 11:57:35.004124', '2026-01-29 11:57:35.004124');
INSERT INTO `users` VALUES (222, 'user008', '123456', 228, 'EMPLOYEE', 'ENABLED', '2026-01-29 11:57:35.004124', '2026-01-29 11:57:35.004124');
INSERT INTO `users` VALUES (223, 'user009', '123456', NULL, 'EMPLOYEE', 'ENABLED', '2026-01-29 11:57:35.004124', '2026-01-29 11:57:35.004124');
INSERT INTO `users` VALUES (224, 'user010', '123456', NULL, 'EMPLOYEE', 'ENABLED', '2026-01-29 11:57:35.004124', '2026-01-29 11:57:35.004124');
INSERT INTO `users` VALUES (225, 'user011', '123456', NULL, 'EMPLOYEE', 'ENABLED', '2026-01-29 11:57:35.004124', '2026-01-29 11:57:35.004124');
INSERT INTO `users` VALUES (226, 'user012', '123456', 206, 'EMPLOYEE', 'ENABLED', '2026-01-29 11:57:35.004124', '2026-01-29 11:57:35.004124');
INSERT INTO `users` VALUES (227, 'user013', '123456', 231, 'EMPLOYEE', 'ENABLED', '2026-01-29 11:57:35.004124', '2026-01-29 11:57:35.004124');
INSERT INTO `users` VALUES (228, 'user014', '123456', NULL, 'EMPLOYEE', 'ENABLED', '2026-01-29 11:57:35.004124', '2026-01-29 11:57:35.004124');
INSERT INTO `users` VALUES (229, 'user015', '123456', 300, 'EMPLOYEE', 'ENABLED', '2026-01-29 11:57:35.004124', '2026-01-29 11:57:35.004124');
INSERT INTO `users` VALUES (230, 'user016', '123456', 276, 'EMPLOYEE', 'ENABLED', '2026-01-29 11:57:35.004124', '2026-01-29 11:57:35.004124');
INSERT INTO `users` VALUES (231, 'user017', '123456', NULL, 'EMPLOYEE', 'ENABLED', '2026-01-29 11:57:35.004124', '2026-01-29 11:57:35.004124');
INSERT INTO `users` VALUES (232, 'user018', '123456', 237, 'EMPLOYEE', 'ENABLED', '2026-01-29 11:57:35.004124', '2026-01-29 11:57:35.004124');
INSERT INTO `users` VALUES (233, 'user019', '123456', 217, 'EMPLOYEE', 'ENABLED', '2026-01-29 11:57:35.004124', '2026-01-29 11:57:35.004124');
INSERT INTO `users` VALUES (234, 'user020', '123456', 294, 'EMPLOYEE', 'ENABLED', '2026-01-29 11:57:35.004124', '2026-01-29 11:57:35.004124');
INSERT INTO `users` VALUES (235, 'user021', '123456', 268, 'EMPLOYEE', 'ENABLED', '2026-01-29 11:57:35.004124', '2026-01-29 11:57:35.004124');
INSERT INTO `users` VALUES (236, 'user022', '123456', NULL, 'EMPLOYEE', 'ENABLED', '2026-01-29 11:57:35.004124', '2026-01-29 11:57:35.004124');
INSERT INTO `users` VALUES (237, 'user023', '123456', NULL, 'EMPLOYEE', 'ENABLED', '2026-01-29 11:57:35.004124', '2026-01-29 11:57:35.004124');
INSERT INTO `users` VALUES (238, 'user024', '123456', NULL, 'EMPLOYEE', 'ENABLED', '2026-01-29 11:57:35.004124', '2026-01-29 11:57:35.004124');
INSERT INTO `users` VALUES (239, 'user025', '123456', 274, 'EMPLOYEE', 'ENABLED', '2026-01-29 11:57:35.004124', '2026-01-29 11:57:35.004124');
INSERT INTO `users` VALUES (240, 'user026', '123456', 233, 'EMPLOYEE', 'ENABLED', '2026-01-29 11:57:35.004124', '2026-01-29 11:57:35.004124');
INSERT INTO `users` VALUES (241, 'user027', '123456', 295, 'EMPLOYEE', 'ENABLED', '2026-01-29 11:57:35.004124', '2026-01-29 11:57:35.004124');
INSERT INTO `users` VALUES (242, 'user028', '123456', NULL, 'EMPLOYEE', 'ENABLED', '2026-01-29 11:57:35.004124', '2026-01-29 11:57:35.004124');
INSERT INTO `users` VALUES (243, 'user029', '123456', 236, 'EMPLOYEE', 'ENABLED', '2026-01-29 11:57:35.004124', '2026-01-29 11:57:35.004124');
INSERT INTO `users` VALUES (244, 'user030', '123456', 256, 'EMPLOYEE', 'ENABLED', '2026-01-29 11:57:35.004124', '2026-01-29 11:57:35.004124');
INSERT INTO `users` VALUES (245, 'user031', '123456', 220, 'EMPLOYEE', 'ENABLED', '2026-01-29 11:57:35.004124', '2026-01-29 11:57:35.004124');
INSERT INTO `users` VALUES (246, 'user032', '123456', 294, 'EMPLOYEE', 'ENABLED', '2026-01-29 11:57:35.004124', '2026-01-29 11:57:35.004124');
INSERT INTO `users` VALUES (247, 'user033', '123456', 206, 'EMPLOYEE', 'ENABLED', '2026-01-29 11:57:35.004124', '2026-01-29 11:57:35.004124');
INSERT INTO `users` VALUES (248, 'user034', '123456', 295, 'EMPLOYEE', 'ENABLED', '2026-01-29 11:57:35.004124', '2026-01-29 11:57:35.004124');
INSERT INTO `users` VALUES (249, 'user035', '123456', 270, 'EMPLOYEE', 'ENABLED', '2026-01-29 11:57:35.004124', '2026-01-29 11:57:35.004124');
INSERT INTO `users` VALUES (250, 'user036', '123456', 295, 'EMPLOYEE', 'ENABLED', '2026-01-29 11:57:35.004124', '2026-01-29 11:57:35.004124');
INSERT INTO `users` VALUES (251, 'user037', '123456', 293, 'EMPLOYEE', 'ENABLED', '2026-01-29 11:57:35.004124', '2026-01-29 11:57:35.004124');
INSERT INTO `users` VALUES (252, 'user038', '123456', 296, 'EMPLOYEE', 'DISABLED', '2026-01-29 11:57:35.004124', '2026-01-29 11:57:35.004124');
INSERT INTO `users` VALUES (253, 'user039', '123456', NULL, 'EMPLOYEE', 'ENABLED', '2026-01-29 11:57:35.004124', '2026-01-29 11:57:35.004124');
INSERT INTO `users` VALUES (254, 'user040', '123456', NULL, 'EMPLOYEE', 'ENABLED', '2026-01-29 11:57:35.004124', '2026-01-29 11:57:35.004124');
INSERT INTO `users` VALUES (255, 'user041', '123456', 256, 'EMPLOYEE', 'ENABLED', '2026-01-29 11:57:35.004124', '2026-01-29 11:57:35.004124');
INSERT INTO `users` VALUES (256, 'user042', '123456', 305, 'EMPLOYEE', 'ENABLED', '2026-01-29 11:57:35.004124', '2026-01-29 11:57:35.004124');
INSERT INTO `users` VALUES (257, 'user043', '123456', 206, 'EMPLOYEE', 'ENABLED', '2026-01-29 11:57:35.004124', '2026-01-29 11:57:35.004124');
INSERT INTO `users` VALUES (258, 'user044', '123456', 224, 'EMPLOYEE', 'ENABLED', '2026-01-29 11:57:35.004124', '2026-01-29 11:57:35.004124');
INSERT INTO `users` VALUES (259, 'user045', '123456', 226, 'EMPLOYEE', 'ENABLED', '2026-01-29 11:57:35.004124', '2026-01-29 11:57:35.004124');
INSERT INTO `users` VALUES (260, 'user046', '123456', 227, 'EMPLOYEE', 'ENABLED', '2026-01-29 11:57:35.004124', '2026-01-29 11:57:35.004124');
INSERT INTO `users` VALUES (261, 'user047', '123456', NULL, 'EMPLOYEE', 'ENABLED', '2026-01-29 11:57:35.004124', '2026-01-29 11:57:35.004124');
INSERT INTO `users` VALUES (262, 'user048', '123456', 260, 'EMPLOYEE', 'ENABLED', '2026-01-29 11:57:35.004124', '2026-01-29 11:57:35.004124');
INSERT INTO `users` VALUES (263, 'user049', '123456', 230, 'EMPLOYEE', 'ENABLED', '2026-01-29 11:57:35.004124', '2026-01-29 11:57:35.004124');
INSERT INTO `users` VALUES (264, 'user050', '123456', 221, 'EMPLOYEE', 'ENABLED', '2026-01-29 11:57:35.004124', '2026-01-29 11:57:35.004124');
INSERT INTO `users` VALUES (265, 'user051', '123456', 217, 'EMPLOYEE', 'ENABLED', '2026-01-29 11:57:35.004124', '2026-01-29 11:57:35.004124');
INSERT INTO `users` VALUES (266, 'user052', '123456', 239, 'EMPLOYEE', 'ENABLED', '2026-01-29 11:57:35.004124', '2026-01-29 11:57:35.004124');
INSERT INTO `users` VALUES (267, 'user053', '123456', 261, 'EMPLOYEE', 'ENABLED', '2026-01-29 11:57:35.004124', '2026-01-29 11:57:35.004124');
INSERT INTO `users` VALUES (268, 'user054', '123456', 261, 'EMPLOYEE', 'ENABLED', '2026-01-29 11:57:35.004124', '2026-01-29 11:57:35.004124');
INSERT INTO `users` VALUES (269, 'user055', '123456', 228, 'EMPLOYEE', 'ENABLED', '2026-01-29 11:57:35.004124', '2026-01-29 11:57:35.004124');
INSERT INTO `users` VALUES (270, 'user056', '123456', NULL, 'EMPLOYEE', 'ENABLED', '2026-01-29 11:57:35.004124', '2026-01-29 11:57:35.004124');
INSERT INTO `users` VALUES (271, 'user057', '123456', 299, 'EMPLOYEE', 'ENABLED', '2026-01-29 11:57:35.004124', '2026-01-29 11:57:35.004124');
INSERT INTO `users` VALUES (272, 'user058', '123456', NULL, 'EMPLOYEE', 'ENABLED', '2026-01-29 11:57:35.004124', '2026-01-29 11:57:35.004124');
INSERT INTO `users` VALUES (273, 'user059', '123456', 237, 'EMPLOYEE', 'ENABLED', '2026-01-29 11:57:35.004124', '2026-01-29 11:57:35.004124');
INSERT INTO `users` VALUES (274, 'user060', '123456', 258, 'EMPLOYEE', 'ENABLED', '2026-01-29 11:57:35.004124', '2026-01-29 11:57:35.004124');
INSERT INTO `users` VALUES (275, 'user061', '123456', 265, 'EMPLOYEE', 'ENABLED', '2026-01-29 11:57:35.004124', '2026-01-29 11:57:35.004124');
INSERT INTO `users` VALUES (276, 'user062', '123456', 224, 'EMPLOYEE', 'ENABLED', '2026-01-29 11:57:35.005155', '2026-01-29 11:57:35.005155');
INSERT INTO `users` VALUES (277, 'user063', '123456', 208, 'EMPLOYEE', 'ENABLED', '2026-01-29 11:57:35.005155', '2026-01-29 11:57:35.005155');
INSERT INTO `users` VALUES (278, 'user064', '123456', 273, 'EMPLOYEE', 'ENABLED', '2026-01-29 11:57:35.005155', '2026-01-29 11:57:35.005155');
INSERT INTO `users` VALUES (279, 'user065', '123456', 225, 'EMPLOYEE', 'ENABLED', '2026-01-29 11:57:35.005155', '2026-01-29 14:09:20.811112');
INSERT INTO `users` VALUES (280, 'user066', '123456', 245, 'EMPLOYEE', 'DISABLED', '2026-01-29 11:57:35.005155', '2026-01-29 11:57:35.005155');
INSERT INTO `users` VALUES (281, 'user067', '123456', 277, 'EMPLOYEE', 'ENABLED', '2026-01-29 11:57:35.005155', '2026-01-29 11:57:35.005155');
INSERT INTO `users` VALUES (282, 'user068', '123456', NULL, 'EMPLOYEE', 'ENABLED', '2026-01-29 11:57:35.005155', '2026-01-29 11:57:35.005155');
INSERT INTO `users` VALUES (283, 'user069', '123456', 268, 'EMPLOYEE', 'ENABLED', '2026-01-29 11:57:35.005155', '2026-01-29 11:57:35.005155');
INSERT INTO `users` VALUES (284, 'user070', '123456', 232, 'EMPLOYEE', 'ENABLED', '2026-01-29 11:57:35.005155', '2026-01-29 11:57:35.005155');
INSERT INTO `users` VALUES (285, 'user071', '123456', 226, 'EMPLOYEE', 'ENABLED', '2026-01-29 11:57:35.005155', '2026-01-29 11:57:35.005155');
INSERT INTO `users` VALUES (286, 'user072', '123456', 252, 'EMPLOYEE', 'ENABLED', '2026-01-29 11:57:35.005155', '2026-01-29 11:57:35.005155');
INSERT INTO `users` VALUES (287, 'user073', '123456', NULL, 'EMPLOYEE', 'ENABLED', '2026-01-29 11:57:35.005155', '2026-01-29 11:57:35.005155');
INSERT INTO `users` VALUES (288, 'user074', '123456', 264, 'EMPLOYEE', 'ENABLED', '2026-01-29 11:57:35.005155', '2026-01-29 11:57:35.005155');
INSERT INTO `users` VALUES (289, 'user075', '123456', 297, 'EMPLOYEE', 'ENABLED', '2026-01-29 11:57:35.005155', '2026-01-29 11:57:35.005155');
INSERT INTO `users` VALUES (290, 'user076', '123456', 217, 'EMPLOYEE', 'ENABLED', '2026-01-29 11:57:35.005155', '2026-01-29 11:57:35.005155');
INSERT INTO `users` VALUES (291, 'user077', '123456', 296, 'EMPLOYEE', 'ENABLED', '2026-01-29 11:57:35.005155', '2026-01-29 11:57:35.005155');
INSERT INTO `users` VALUES (292, 'user078', '123456', 254, 'EMPLOYEE', 'DISABLED', '2026-01-29 11:57:35.005155', '2026-01-29 14:04:44.873614');
INSERT INTO `users` VALUES (293, 'user079', '123456', 292, 'EMPLOYEE', 'ENABLED', '2026-01-29 11:57:35.005155', '2026-01-29 11:57:35.005155');
INSERT INTO `users` VALUES (294, 'user080', '123456', 217, 'EMPLOYEE', 'ENABLED', '2026-01-29 11:57:35.005155', '2026-01-29 11:57:35.005155');
INSERT INTO `users` VALUES (295, 'user081', '123456', 270, 'EMPLOYEE', 'ENABLED', '2026-01-29 11:57:35.005155', '2026-01-29 11:57:35.005155');
INSERT INTO `users` VALUES (296, 'user082', '123456', 226, 'EMPLOYEE', 'ENABLED', '2026-01-29 11:57:35.005155', '2026-01-29 11:57:35.005155');
INSERT INTO `users` VALUES (297, 'user083', '123456', 297, 'EMPLOYEE', 'ENABLED', '2026-01-29 11:57:35.005155', '2026-01-29 11:57:35.005155');
INSERT INTO `users` VALUES (298, 'user084', '123456', 293, 'EMPLOYEE', 'ENABLED', '2026-01-29 11:57:35.005155', '2026-01-29 11:57:35.005155');
INSERT INTO `users` VALUES (299, 'user085', '123456', NULL, 'EMPLOYEE', 'ENABLED', '2026-01-29 11:57:35.005155', '2026-01-29 11:57:35.005155');
INSERT INTO `users` VALUES (300, 'user086', '123456', NULL, 'EMPLOYEE', 'ENABLED', '2026-01-29 11:57:35.005155', '2026-01-29 11:57:35.005155');
INSERT INTO `users` VALUES (301, 'user087', '123456', 259, 'EMPLOYEE', 'ENABLED', '2026-01-29 11:57:35.005155', '2026-01-29 11:57:35.005155');
INSERT INTO `users` VALUES (302, 'user088', '123456', 252, 'EMPLOYEE', 'ENABLED', '2026-01-29 11:57:35.005155', '2026-01-29 11:57:35.005155');
INSERT INTO `users` VALUES (303, 'user089', '123456', 295, 'EMPLOYEE', 'ENABLED', '2026-01-29 11:57:35.005155', '2026-01-29 11:57:35.005155');
INSERT INTO `users` VALUES (304, 'user090', '123456', 261, 'EMPLOYEE', 'ENABLED', '2026-01-29 11:57:35.005155', '2026-01-29 11:57:35.005155');

SET FOREIGN_KEY_CHECKS = 1;
