pn,id,title,category,answer_count,time,location
1,1763687563136995,极速传说电影，kelly lin漂亮些还是张栢芝？？,[影视],0,2025.11.21,美国
1,1763613000131122,社会中有能力高调的人，给你一种什么样的感觉,[烦恼],2,2025.11.20,广东
1,1763612852130206,某病毒木马能针对Windows系统，其能否针对麦金塔系统,[软件],1,2025.11.20,广东
1,1763612804139912,为何第一代战斗机，基本被美国与苏联垄断,[军事国防],2,2025.11.20,广东
1,1763606905138230,烤地瓜的味道啊,[美食烹饪],0,2025.11.20,浙江
1,1763604819135515,引力和斥力是绝对的，还是相对的？,[数学],2,2025.11.20,北京
1,1763547305136203,温和的姐姐（是外人）对温和的妹妹就要好点，你觉得是什么原因？（和平时不一样）,[烦恼],1,2025.11.19,四川
1,1763528517138217,佛山市和佛山有啥区别,[贸易],1,2025.11.19,浙江
1,1763437285133056,社会中宁愿选择“面包”也不选择“爱情”的人，给你一种什么样的感觉,[爱情],2,2025.11.18,广东
1,1763437162132490,如果你的两个儿子参战，其一得军功而另一则牺牲，你有何感受,[家庭],2,2025.11.18,广东
1,1763437086132160,假如地球上只有一块大陆，这会产生哪些影响,[人文社科],2,2025.11.18,广东
1,1763437037131906,陆基军用雷达的探测范围，一般高于海基者与航空者吗,[军事国防],2,2025.11.18,广东
1,1763436999131707,在现代战争中，还有可能出现以少胜多的战局吗,[历史话题],1,2025.11.18,广东
1,1763431541132186,先住着常见游戏制作工具的好坏?,[客户端游戏],1,2025.11.18,北京
1,1763422531134865,女生喜欢寻求精神上的刺激，喜欢走在边缘的缘味。是为什么？喜欢与花花男交朋友，但不会发生什么,[烦恼],2,2025.11.18,美国
2,1763373562137633,煮面条的时候加什么咸菜，能让清汤面瞬间变好吃？,[美食烹饪],2,2025.11.17,湖北
2,1763113381139746,为什么新疆的冬天上午9点半才亮天，下午18点半就黑天了？,[花鸟鱼虫],1,2025.11.14,北京
2,1763102005131727,准备装纱窗，五金配件用合和五金好吗？,[家居装修],0,2025.11.14,广东
2,1763101702130126,上班带便当，想带点咸菜配米饭，那种咸菜不容易串味还耐放啊？,[美食烹饪],1,2025.11.14,湖北
2,1763092744133303,你会在乎自己一百年后的后裔吗,[烦恼],5,2025.11.14,广东
2,1763092675132977,地毯式轰炸在目前，属于落后的战术吗,[军事国防],3,2025.11.14,广东
2,1763080740131711,穿戴设备类的产品，像是智能手表监测心率、血压这些都是靠什么技术呀,[内科],1,2025.11.14,湖北
2,1763036220132346,拐卖少儿最高可判死刑是真是假？,[法律法规],2,2025.11.13,河北
2,1763023209131306,如果地球开始逆转，会怎么样？,[自然灾害],1,2025.11.13,北京
2,1763010564131463,不发起投票类问题,[编程开发],1,2025.11.13,浙江
2,1763003802138494,为何多数路由器，拥有四根天线,[硬件],1,2025.11.13,广东
2,1763003775138350,现在的狙击手，如何躲避敌军的热成像仪与无人机,[军事国防],1,2025.11.13,广东
2,1763001797136386,有没有能吃出“家的味道”的咸菜？现在好多咸菜都太工业化了，没小时候的味。,[美食烹饪],1,2025.11.13,湖北
2,1762918733138886,当你发现在外工作的儿子早已逝世，你的第一反应是什么,[家庭],2,2025.11.12,广东
2,1762918670138531,朋友C需钱但不愿向他人借钱，你知情后怎么办,[家庭],2,2025.11.12,广东
3,1762918639138343,你所购的房子暂时空置，亲戚A欲借机免费借住，你如何处理,[家庭],2,2025.11.12,广东
3,1762918602138148,为何显示器的接口，其更新换代的速度很慢,[硬件],2,2025.11.12,广东
3,1762918574137990,耳机的降噪原理是什么,[其他电子产品],1,2025.11.12,广东
3,1762918542137808,哪些二战时期的战略轰炸机，比较闻名,[历史话题],1,2025.11.12,广东
3,1762918511137638,为何水面军舰不适宜装备洲际弹道导弹,[军事国防],1,2025.11.12,广东
3,1762915215138174,被拐儿童叶锐聪目前怎么样了？,[儿科],2,2025.11.12,河北
3,1762831887137081,B跳楼自尽时意外地砸亡你的孩子，你有何感受,[家庭],1,2025.11.11,广东
3,1762831808136596,为何社会中的人，一般会在乎其名声,[烦恼],2,2025.11.11,广东
3,1762831770136362,多数金融资产，比较容易变现吗,[金融理财],2,2025.11.11,广东
3,1762831723136063,全尺寸型手枪更换更小的握把背套后，其适合手型小的士兵使用吗,[军事国防],1,2025.11.11,广东
3,1762748995131208,假如你不相信爱情但选择结婚，原因何在,[爱情],3,2025.11.10,广东
3,1762676040133246,牛顿三定律都是什么？,[物理],1,2025.11.09,北京
3,1762669824133762,女朋友管的特别严还讲道理是为我好怎么办,[家庭],1,2025.11.09,重庆
3,1762591578134864,对于一个普通国企员工，多少年工作才能攒够一百万？,[就业职场],2,2025.11.08,山西
3,1762591458134169,假如给你高工资让你去偏僻的地方工作，你愿意吗？,[就业职场],2,2025.11.08,山西
4,1762560566134951,为什么2023年春节那么早，而明年(2026年)春节却那么迟？,[节日风俗],1,2025.11.08,北京
4,1762560041132838,我个性如还珠格格的小燕子，是否不好？,[起名],1,2025.11.08,美国
4,1762487514139084,先有新型子弹再有新型枪械，还是先有新型枪械再有新型子弹,[军事国防],2,2025.11.07,广东
4,1762484213130735,为什么有些公交车封尾(无后窗)，有些则不封尾(有后窗)？,[交通],1,2025.11.07,北京
4,1762418876132407,如何追女生？,[烦恼],4,2025.11.06,山东
4,1762413859133579,看生辰八字,[起名],2,2025.11.06,河南
4,1762399308132049,母亲因受伤失忆而忘记你，你有何感受,[家庭],3,2025.11.06,广东
4,1762399273131848,为何日本人流行生吃的料理,[健康知识],3,2025.11.06,广东
4,1762398362136869,太阳能发电到现在多少年历史了？,[历史话题],1,2025.11.06,北京
4,1762330415137063,丝印油墨测试有掉粉情况怎么办？,[工程学],1,2025.11.05,江苏
4,1762329905133912,做凹版印刷，用有机硅流平剂之后流平太快有缩孔情况怎么办？,[工程学],1,2025.11.05,江苏
4,1762320699135453,当你因丑闻缠身而被亲朋远离时，你能理解吗,[家庭],5,2025.11.05,广东
4,1762320634135100,其实电脑的CPU，可以不更改其接口类型吗,[电脑],3,2025.11.05,广东
4,1762320600134920,二战的俯冲轰炸机，有何特别之处,[军事国防],3,2025.11.05,广东
4,1762227552135521,你身边的人，如何对待社会中的穷人,[烦恼],3,2025.11.04,广东
5,1762227529135418,教师A只重视家境富裕的学生，A给你一种什么样的感觉,[烦恼],4,2025.11.04,广东
5,1762227496135254,当你发现子女不孝，你会如何为自己日后的生活作准备,[家庭],6,2025.11.04,广东
5,1762227331134399,运兵装甲车与步兵战车，哪个的装甲更厚,[军事国防],1,2025.11.04,广东
5,1762227297134229,单靠高速度，导弹就已经难以被拦截吗,[军事国防],1,2025.11.04,广东
5,1762160183139223,二手房翻新，放置9-10月两个月，能住吗？,[购房置业],2,2025.11.03,江苏
5,1761914568131409,作为朋友，该如何提供支持？,[烦恼],2,2025.10.31,北京
5,1761880996135356,为何社会中的某些人，能与长辈成忘年交,[宗教],3,2025.10.31,广东
5,1761880924135067,绿色版的软件，有何缺点,[软件],2,2025.10.31,广东
5,1761880888134885,人工智能在现代战争中，有何实用性,[军事国防],4,2025.10.31,广东
5,1761879818139853,日出表示什么生肖？据说是龙，我也无法知道，是吗？,[彩票],2,2025.10.31,北京
5,1761794933139657,暖气是谁在哪年发明的？,[家居装修],1,2025.10.30,北京
5,1761794125134672,分手后你方知前任因身患重疾而故意以借口分手，你有何第一反应,[家庭],2,2025.10.30,广东
5,1761794094134484,女友因遭强奸而患终身携带的梅毒，你会选择分手吗,[两性],1,2025.10.30,广东
5,1761794020133976,战机飞行员须要在一定的高度，方能安全地弹射逃生吗,[军事国防],3,2025.10.30,广东
5,1761707633136010,继父被其亲子女遗弃后你独力赡养前者，如今后者与你争产，你如何处理,[家庭],4,2025.10.29,广东
6,1761707547135514,哪些现役的常规动力潜艇，比较闻名,[军事国防],1,2025.10.29,广东
6,1761701376130781,在镍合金上面喷涂，附着力不太好怎么处理？,[生活常识],1,2025.10.29,江苏
6,1761701169139383,冰花漆树脂在酒瓶上的附着力怎么样？,[生活常识],1,2025.10.29,江苏
6,1761700932137516,环氧树脂研磨搅拌有气泡怎么解决？,[生活常识],1,2025.10.29,江苏
6,1761629810135778,宿舍姐妹打牌输了没给钱怎么提醒,[家庭],2,2025.10.28,重庆
6,1761621466134380,你认为你与友人交往，会讲究利益吗,[节日风俗],5,2025.10.28,广东
6,1761621368133576,当B需钱救命时其兄弟姐妹冷漠地拒助，后者给你一种什么样的感觉,[烦恼],3,2025.10.28,广东
6,1761590720134899,什么是追案、探案和查案。三者有什么区别。,[法律法规],1,2025.10.28,北京
6,1761573720135417,美国历史上的大规模的战争就只是南北战争，而中国历史上却有很多大规模的战争们。这会衍生诞生出啥结果后果,[历史话题],2,2025.10.27,江西
6,1761570733130493,现在的美国好像也在衰落，这会衍生出什么后果？,[军事国防],2,2025.10.27,江西
6,1761534662133030,假如你曾答应带初恋赴法国，如今你们巧遇于法国，你有何感受,[烦恼],4,2025.10.27,广东
6,1761465911134409,我该买哪个罩杯的胸罩？,[服装服饰],1,2025.10.26,浙江
6,1761449848132346,您们是否遇到这种情况  收藏淘宝上的商品  过两天就涨价了？,[收藏],2,2025.10.26,辽宁
6,1761438929132854,电脑有360安全卫士的清理垃圾项，还需要安装360清理pro吗,[360相关产品],1,2025.10.26,山东
6,1761426531133042,我有权选择我的生活方式？,[烦恼],2,2025.10.26,美国
7,1761363996134620,大学生上了班给打扫卫生，丢不丢人,[人文社科],2,2025.10.25,山西
7,1761363857133904,在单位上班给搞后勤，要注意哪些方面,[就业职场],1,2025.10.25,山西
7,1761363805133620,C30混凝土浇筑后多久就成型凝固了,[生活常识],1,2025.10.25,山西
7,1761360897136716,普通一晚上一两百的宾馆冬天有热水能洗澡吗？,[生活常识],1,2025.10.25,山西
7,1761360824136341,手机贴一个膜需要多少钱？,[手机平板],1,2025.10.25,山西
7,1761360780136099,太原理工大学与山西大学相比谁更排名靠前？,[升学入学],1,2025.10.25,山西
7,1761291169136020,如何快速减肥？,[美容塑身],6,2025.10.24,山西
7,1761290462131286,门店想用AI做宣传视频，有什么需要注意的？ 求真实用户分享经验，不要广告,[互联网],3,2025.10.24,山西
7,1761282007137062,你如何与在社会中混得不好的人相处,[烦恼],4,2025.10.24,广东
7,1761281982136946,你觉得被社会淘汰的人，一般有何特征,[烦恼],4,2025.10.24,广东
7,1761281951136811,为何某些人读书成绩一般，但投资股票的能力很强,[股票],3,2025.10.24,广东
7,1761281914136650,干扰弹拦截导弹的原理是什么,[军事国防],2,2025.10.24,广东
7,1761251632134397,我是亦正亦邪的女生。既纯真又反叛。网上的男网友不多正经。他们聊了一下就走了。那证明我纯真,[烦恼],2,2025.10.24,美国
7,1761190463133589,你意外发现亲戚B变穷但故意隐穷，这给你一种什么样的感觉,[家庭],3,2025.10.23,广东
7,1761190432133427,朋友A富裕后依然与你来往，但其新的富友瞧不起你，你如何处理,[家庭],1,2025.10.23,广东
8,1761190389133207,公司上市，这属于融资吗,[股票],2,2025.10.23,广东
8,1761190349133033,第一代战斗机，都是单发动机吗,[军事国防],1,2025.10.23,广东
8,1761103912131478,支付医疗费以救女儿的人是你的配偶的初恋，你会介意吗,[家庭],3,2025.10.22,广东
8,1761103875131215,为何咸水鱼只能生活于咸水,[花鸟鱼虫],2,2025.10.22,广东
8,1761103842130993,潜艇须要在一定的深度，方能与外界联系吗,[军事国防],2,2025.10.22,广东
8,1761076151138517,我这几年收敛了很多，是什么原因,[两性],2,2025.10.22,美国
8,1761042897130760,AI冲击下谈谈你对360问答/百度知道的看法,[360相关产品],3,2025.10.21,未知
8,1761037092136971,怎么增加丝印油墨的触变性？,[物理],1,2025.10.21,江苏
8,1761026504138103,纳德堡轴承精度怎么样？,[工程学],2,2025.10.21,江苏
8,1761024028130505,如果你是年轻的女孩，你愿意婚后与丈夫的父母同住吗,[家庭],5,2025.10.21,广东
8,1761023960130002,固态硬盘遇水，如何处理,[硬件],2,2025.10.21,广东
8,1761023928139787,坦克的履带，一般由哪些材料打造,[军事国防],1,2025.10.21,广东
8,1760961267132508,电脑屏幕下边突然多了一个图标,[电脑],1,2025.10.20,湖北
8,1760945051132232,“反之、否则、违者”这三个词有什么相同点和不同点？,[人文社科],1,2025.10.20,北京
8,1760925882137101,中国哪些地方冬天有供暖？哪些地方没有？,[生活常识],1,2025.10.20,北京
9,1760894013134631,有忧郁症。最近认识了一些网友开心了。是好事?,[烦恼],0,2025.10.20,美国
9,1760843575135982,网络世界不用认真?,[客户端游戏],3,2025.10.19,美国
9,1760765861133034,为什么北京地铁1号线部分列车开关门那么狠？,[交通],2,2025.10.18,北京
9,1760757600133108,为何角色扮演游戏多为第三人称,[单机电脑游戏],2,2025.10.18,广东
9,1760757552132807,RTX3050满足战地6的显卡要求吗,[硬件],4,2025.10.18,广东
9,1760757479132332,为何以“中华民族伟大复兴”取代“中国崛起”,[书画美术],1,2025.10.18,广东
9,1760755392131686,国王游戏是否不正经?,[客户端游戏],1,2025.10.18,美国
9,1760751959134167,敷纪堂怎么样？,[健康知识],1,2025.10.18,山东
9,1760703746135180,努力、奋斗、付出汗水是好事，那努力的次数越多越好，是吗？无数次最好，是吗？,[烦恼],3,2025.10.17,辽宁
9,1760675864139754,为什么医疗的符号都用“红色加号”表示？,[医院],1,2025.10.17,北京
9,1760671294136010,你认为哪些女性，容易对另一半不忠,[烦恼],3,2025.10.17,广东
9,1760671145135141,为何男性出轨后，其得到原谅的几率高于女性者,[两性],2,2025.10.17,广东
9,1760671076134736,火箭军在军队中，有何存在的意义,[军事国防],3,2025.10.17,广东
9,1760596876132811,什么轴承比较抗腐蚀？纳德堡的怎么样？,[工程学],2,2025.10.16,江苏
9,1760585112139440,当你被富裕的成功人士A重视，你有何第一反应,[人文社科],3,2025.10.16,广东
10,1760585003138833,军用无人机，如何抵御敌军的微波武器,[军事国防],1,2025.10.16,广东
10,1760577973138771,UTC是什么意思？和GMT的关系是什么？,[人文社科],1,2025.10.16,北京
10,1760517995132032,现在房企有新项目，有必要选择一款售楼系统进行使用吗？,[创业投资],2,2025.10.15,江苏
10,1760511097132356,女生喜欢讲开放话题。在别人眼中她是否不尊重自己？,[烦恼],1,2025.10.15,美国
10,1760508920130492,德国格茨浮动密封和封优特浮动密封选哪个？,[生活常识],1,2025.10.15,天津
10,1760504427136774,3i乘以6i等于-18，到底对不对？,[数学],4,2025.10.15,北京
10,1760500002134246,你得知女孩C单纯为了报恩而选择与你恋爱，你的感受是什么,[烦恼],2,2025.10.15,广东
10,1760499798133075,红酒与白葡萄酒，两者的酒精度数差不多吗,[美食烹饪],2,2025.10.15,广东
10,1760499760132868,现役的军舰，驱逐舰的火力一般高于护卫舰吗,[军事国防],2,2025.10.15,广东
10,1760426035130611,纳德堡轴承在高温环境下表现如何？,[工程学],2,2025.10.14,江苏
10,1760412221130460,企业与政府所使用的安全软件，有何特别之处,[软件],2,2025.10.14,广东
10,1760412149130048,为何牵引式火炮的精准度，一般高于火箭炮,[军事国防],2,2025.10.14,广东
10,1760403994133522,脑筋急转弯是什么？,[幽默搞笑],1,2025.10.14,北京
10,1760339215131751,水性防水涂料有缩孔现象怎么办？,[家居装修],2,2025.10.13,江苏
10,1760327747135891,一个国家若无军用人造卫星，其导弹如何制导,[军事国防],3,2025.10.13,广东
11,1760312762131732,精神抑郁多年。是否没出路？,[医院],1,2025.10.13,美国
11,1760310398132448,我是女。还是清白之身。但喜欢讲开放话题。是为什么,[烦恼],2,2025.10.13,美国
11,1760174132135026,某男孩有时候表情看着不平常，觉得他是怎么了？,[烦恼],4,2025.10.11,四川
11,1760171244130643,合伙企业应该怎么注册,[企业管理],1,2025.10.11,河北
11,1760151228139648,梦见自己把戒指带到右手食指上，自己会隐身了,[星座占卜],1,2025.10.11,河北
11,1760133396136735,最近上网认识一些网友。有人陪我聊天。开心些。但网上交友不太安全?,[烦恼],3,2025.10.11,美国
11,1760067263137905,常去的餐馆。老板常问我要不要龙虾是为什么?,[就业职场],2,2025.10.10,美国
11,1760018166133694,如何问完呢,[人文社科],1,2025.10.09,江西
11,1759973288132907,买随身wifi是usb插口的好还是买内置电池的好？,[360硬件],2,2025.10.09,湖北
11,1759966937135959,几天前上网认识了一男网友 他小我12岁。他问我关于两性的问题。但我已经表明我没性经历。不过由于,[烦恼],2,2025.10.09,美国
11,1759936337132359,为什么说张祥前教授获得今年的物理诺贝尔奖，是值得大书特书的科技创新上的伟大成就?,[物理],1,2025.10.08,广东
11,1759893392131110,为何人有时候希望越大，反而失望越大,[烦恼],2,2025.10.08,广东
11,1759893326130804,护卫舰适合单独行动吗,[军事国防],1,2025.10.08,广东
11,1759812704130981,为何中世纪的欧洲，非常贫穷,[历史话题],1,2025.10.07,广东
11,1759812608130603,为何天价彩礼，必须受控,[法律法规],2,2025.10.07,广东
12,1759808005132519,助听器戴着觉得声音小是听力下降了吗？,[五官科],2,2025.10.07,河北
12,1759736380139350,请问我的户口可以迁到杭州吗？,[医院],1,2025.10.06,浙江
12,1759396499139094,不够自信怎么办,[烦恼],1,2025.10.02,山东
12,1759379476133913,儿童用的屏幕破碎的触屏式学习机和不能开机的键控式多功能播放器，能合成一个播放器用吗？,[手机平板],1,2025.10.02,山东
12,1759307389139376,除了地球，其他行星各存在黄赤交角吗？分别是多少度？,[人文社科],1,2025.10.01,北京
12,1759220082139691,BJ40后档双弧还是单弧,[美容塑身],1,2025.09.30,广东
12,1759212320136225,假如你出人头地了，你希望身边的人皆知情吗,[烦恼],8,2025.09.30,广东
12,1759212258136135,太空垃圾会自然地坠入大气层且烧毁吗,[生活常识],5,2025.09.30,广东
12,1759212220136092,现在的突击步枪，如何体现信息化作战,[军事国防],3,2025.09.30,广东
12,1759200947132255,W10系统，最近经常出现没有声音是怎么回事？,[硬件],4,2025.09.30,山东
12,1759199262139270,虚数的来历是什么？,[人文社科],6,2025.09.30,北京
12,1759145372130476,“非贬义词”是什么意思？是不是和“非负数”一样道理？,[人文社科],1,2025.09.29,北京
12,1759134508137650,涂料稀释剂有什么作用,[物理],3,2025.09.29,江苏
12,1759126267133811,平衡天平两边同时放置或移去同重量物品，天平两边是否仍然平衡？为什么？,[物理],1,2025.09.29,北京
12,1759116859133897,期货与外汇，哪个的体量更大,[金融理财],3,2025.09.29,广东
13,1759116830133848,己方军队早于敌军到达战场，这有哪些优势,[军事国防],4,2025.09.29,广东
13,1758960961132419,为什么春分和秋分当天的白昼时长是12小时06分，而不是12小时整？,[节日风俗],2,2025.09.27,北京
13,1758947352136831,一男网友问我没性经验会否可惜?你觉他是否坏想误导我走向坠落?我问他同意女儿失身吗。他流露出生气。,[烦恼],1,2025.09.27,美国
13,1758869890131231,"日志文件,缓存文件,临时文件可以删除吗安全吗",[软件],3,2025.09.26,山东
13,1758864242132720,女朋友和前男友复合了还有希望吗,[家庭],2,2025.09.26,重庆
13,1758856372132694,B公开表示其救富豪A是为了A的财富，社会一般给予B什么样的舆论,[国民经济],1,2025.09.26,广东
13,1758856335132630,为何飞行员需要非凡的视力,[军事国防],2,2025.09.26,广东
13,1758786935136026,我有忧郁症多年。常不开心。到卖衣服的姨店里与她聊天。到教会与人聊天。交网友。我二姨不喜欢我,[烦恼],1,2025.09.25,美国
13,1758776293136751,遇上令自己紧张的情况。会晕吗,[烦恼],1,2025.09.25,美国
13,1758774536134464,为何助人应持救急不救穷的原则,[法律法规],3,2025.09.25,广东
13,1758773067132656,“庚酉年二月初八”是什么意思？用英语怎么说？,[外语],1,2025.09.25,北京
13,1758772994132566,负数开偶次方根，结果是什么？,[数学],1,2025.09.25,北京
13,1758761917131946,中国历史上冬天最低气温是多少度？,[历史话题],2,2025.09.25,北京
13,1758721603137744,航空公司招人，连扫地的，都不要有犯罪前科的人，是吗？,[法律法规],3,2025.09.24,辽宁
13,1758684907134336,你希望知道成年子女的性爱史吗,[两性],2,2025.09.24,广东
14,1758681401137960,梦露、伊莉莎白泰莱和赫本。那个最漂亮,[娱乐人物],1,2025.09.24,美国
14,1758678529132648,在PE薄膜上印刷没有附着力怎么办？,[工程学],1,2025.09.24,江苏
14,1758665915139875,一般人会上网交网友吗?但会遇上坏人,[烦恼],2,2025.09.24,美国
14,1758663416138835,我有情绪病多年。活在沼泽里在黑暗中。有很多人讲心疼我。但是否别人的同情也作用不大?,[烦恼],2,2025.09.24,美国
14,1758602136139095,一个账户大量买或卖某股票，有可能股价不会波幅太大吗,[股票],1,2025.09.23,广东
14,1758598080133316,卡车炮与自行榴弹炮，哪个的成本更高,[军事国防],1,2025.09.23,广东
14,1758589640135265,我常用反叛任性、野性难驯来形容自己。但有人讲我只是贪玩俏皮。讲真。我欣赏反叛教母麦当娜,[烦恼],3,2025.09.23,美国
14,1758544829130697,“地方时、区时、真太阳时、平太阳时”各有什么联系和区别？,[人文社科],1,2025.09.22,北京
14,1758531097131137,小岚姐右脚大脚趾挂的牌子是什么？,[法律法规],1,2025.09.22,安徽
14,1758529437137419,现在国家一直在推动好房子建设，你们觉得什么样的房子才算好房子，值得去买？,[购房置业],2,2025.09.22,江苏
14,1758515083130764,若能时光倒流，你希望再次与初恋相爱吗,[人文社科],2,2025.09.22,广东
14,1758514936130594,你如何理解“爱情为生活的调味剂”,[爱情],1,2025.09.22,广东
14,1758514892130549,月球会地震吗,[自然灾害],3,2025.09.22,广东
14,1758514849130505,哪些武器，能摧毁敌军的人造卫星,[军事国防],1,2025.09.22,广东
14,1758503057137526,“勿”和“莫”有什么关系和不同？,[书画美术],1,2025.09.22,北京
15,1758501595135235,业务员跟踪客户管理需要注意什么？,[企业管理],1,2025.09.22,陕西
15,1758501545135157,业务员外勤管理需要注意什么？,[企业管理],1,2025.09.22,陕西
15,1758473937133726,温和的年轻女子为啥有些不会对她怎么样？,[烦恼],3,2025.09.22,四川
15,1758457600136882,为什么拜家里的佛跟拜庙里的佛是一样的？,[宗教],3,2025.09.21,辽宁
15,1758369383134854,我国的最东边，最西边，最南边，最北边分别是哪里？各有什么特色？,[节日风俗],1,2025.09.20,北京
15,1758328493133909,什么是现金往来客户？,[金融理财],1,2025.09.20,陕西
15,1758317325137689,为什么“√-2”无结果，而“√-2”有结果？,[历史话题],1,2025.09.20,北京
15,1758290123133245,农业轻工业重工业,[农业],1,2025.09.19,广西
15,1758274833134932,智能家居五金供应商有哪些企业？,[企业管理],0,2025.09.19,广东
15,1758257897134608,为何同为离婚者，男性比女性更易寻觅下一段感情,[两性],3,2025.09.19,广东
15,1758257788134458,军队对狙击手的视力要求有多高,[军事国防],3,2025.09.19,广东
15,1758255548131890,美国有多少总统,[军事国防],4,2025.09.19,浙江
15,1758250040132325,网上认识一些网友。聊了几天他们就不再回复我。是为什么,[烦恼],1,2025.09.19,美国
15,1758243732139441,虚岁的长一岁是按立春吗？,[节日风俗],3,2025.09.19,北京
15,1758242598137601,期初预付款如何冲抵？,[财务税务],2,2025.09.19,陕西
16,1758186846133282,想问问大家，当前这个经济环境，买什么房子比较好？,[国民经济],2,2025.09.18,四川
16,1758180895130355,为什么1582年10月5日至10月14日无意义？,[起名],1,2025.09.18,北京
16,1758173684136492,现在的你，想知道初恋的哪些方面,[烦恼],3,2025.09.18,广东
16,1758173655136454,你为家族的发展而娶一个自己不爱的女人，你有何感受,[家庭],3,2025.09.18,广东
16,1758173617136395,娱乐圈若不规范与整顿，这对社会有何影响,[法律法规],4,2025.09.18,广东
16,1758173590136362,歼10属于第三代战斗机吗,[军事国防],3,2025.09.18,广东
16,1758165579135365,雄安新区积分落户,[客户端游戏],1,2025.09.18,河北
16,1758156533135774,采购预付款如何冲抵？,[企业管理],2,2025.09.18,陕西
16,1758113533137258,迷你世界的激活码是什么？2025年最新，必须有效（悬赏有100金币）,[客户端游戏],2,2025.09.17,陕西
16,1758100463139024,售楼部前期一般有多久?,[企业管理],1,2025.09.17,江苏
16,1758093467133499,有一股洗衣粉的味道,[生活常识],1,2025.09.17,浙江
16,1758078907130213,如果你中奖得十万元，碰巧你的救命恩人需要十万元救命，你如何处理,[烦恼],4,2025.09.17,广东
16,1758078050138227,我是女。个性奔放。没什么责任感。是不是不是好太太的人选?不过。我有底线不当男人情人。喜欢,[收藏],1,2025.09.17,美国
16,1758071135132552,冬天全国最早的日落和最迟的日出分别位于哪里？几点几分？,[花鸟鱼虫],1,2025.09.17,北京
16,1758035535133132,高德地图车机版手机上怎么不能安装,[手机平板],1,2025.09.16,福建
17,1758000391135823,如何购买沪深300ETF？,[股票],1,2025.09.16,北京
17,1757996082130696,富豪A被穷人所救后却害怕报恩，你对此有何看法,[家庭],2,2025.09.16,广东
17,1757995998130601,物价是如何计算的,[数学],2,2025.09.16,广东
17,1757995166139627,我与一花花男交友。我常不开心。他会陪我聊电话。就是他与女人在酒店还接我电话。他是真心关心我,[烦恼],2,2025.09.16,美国
17,1757993808137275,如果遇到喜欢的女孩,[烦恼],1,2025.09.16,广西
17,1757988119134148,调配浅色油墨要注意什么？,[物理],2,2025.09.16,江苏
17,1757986660130998,关联词“若无…何来…”怎么造句？,[人文社科],1,2025.09.16,北京
17,1757977895139647,在复数中，负数可以开偶次方根，是什么？,[数学],1,2025.09.16,北京
17,1757905624134652,固态硬盘损坏，电脑有何表现,[电脑],1,2025.09.15,广东
17,1757852311132286,中国最冷的省份是哪？中国最热的省份是哪？,[时事政治],1,2025.09.14,北京
17,1757818586138119,我没性经历。但喜欢问男生性方面。是否有点单向沟通？,[烦恼],2,2025.09.14,美国
17,1757813380131322,朋友最近常接我的电话。是关心我还是她最近有空?,[烦恼],2,2025.09.14,美国
17,1757766909139947,如何让那样的不好的事件们不发生，上演，演绎于现实中？,[编程开发],1,2025.09.13,江西
17,1757759762132010,冬天为什么容易起西北风？,[花鸟鱼虫],1,2025.09.13,北京
17,1757724043134856,委托代销虚仓综合核算是什么意思？,[企业管理],1,2025.09.13,陕西
18,1757650134130222,离婚率高的社会，会影响你的婚姻观吗,[婚姻],5,2025.09.12,广东
18,1757650025130085,女孩C爱上的是帅哥但想嫁的为富豪，这给你一种什么样的感觉,[烦恼],4,2025.09.12,广东
18,1757643240135828,“莫以善小而不为，莫以恶小而为之”这句话讲的是“累积效应”吗？,[人文社科],3,2025.09.12,北京
18,1757640758130342,雄安新区对于高新技术企业的奖励措施有哪些？,[企业管理],2,2025.09.12,河北
18,1757639932138551,我有情绪病。对世界的残缺感难过困扰。是否转牛角尖?,[烦恼],2,2025.09.12,美国
18,1757637737134425,库存涉及的财务管理都有哪些？,[财务税务],1,2025.09.12,陕西
18,1757595605134586,觉得图中两个女的样貌和气质像吗？,[娱乐人物],2,2025.09.11,四川
18,1757580635131169,“+”的反义词是什么？,[人文社科],1,2025.09.11,北京
18,1757568737134894,他俩什么情况？,[人文社科],2,2025.09.11,山东
18,1757562662137037,你意外得知B的钱被盗但其选择不报警，你会觉得其钱来路不明吗,[烦恼],2,2025.09.11,广东
18,1757562632136987,假如你成为医生后，你的第一个病人因你的疏忽而亡，你有何感受,[家庭],2,2025.09.11,广东
18,1757562595136926,若投资纸黄金的年净利润达10%，这属哪种水平,[创业投资],1,2025.09.11,广东
18,1757562563136877,二战时期的鱼雷攻击机，有何特别之处,[历史话题],1,2025.09.11,广东
18,1757554421137440,油墨乳化有哪些缺点？,[物理],3,2025.09.11,江苏
18,1757474253132124,为何威士忌闻香与品尝时，其存在各种类型的味道,[美食烹饪],1,2025.09.10,广东
19,1757474216132050,为何潜艇潜行的航速，高于上浮者,[军事国防],3,2025.09.10,广东
19,1757471873136694,瞭望号挺壮观啊,[军事国防],1,2025.09.10,浙江
19,1757460076137670,“枉”和“妄”有哪些不同？,[书画美术],1,2025.09.10,北京
19,1757424650138496,如图，莫干山的英文被奇葩翻译为“勿干山”，你如何看待此事？,[外语],1,2025.09.09,北京
19,1757378386136219,如何管理现金流水账？,[企业管理],2,2025.09.09,陕西
19,1757371602130909,我喜欢神雕侠侣里男主杨过。不过他是否个性反叛?,[娱乐人物],1,2025.09.09,美国
19,1757370423130381,问心理医生听了太多病人讲的烦心事。会不舒服?,[内科],1,2025.09.09,美国
19,1757359745137647,有强迫症。看了心理医生多年。讲的话问的问题反复。时间久了心理医生也没什么话讲。但是否可理解?,[儿科],1,2025.09.09,美国
19,1757351137135631,台式机显示器出现蓝色竖线是问题，修理大概多少钱？,[硬件],1,2025.09.09,云南
19,1757301951132439,红酒装瓶后，能存放多久,[生活常识],1,2025.09.08,广东
19,1757301883132272,电磁脉冲武器对士兵会产生影响吗,[军事国防],2,2025.09.08,广东
19,1757273096132518,我手机重置了。为什么手机一些软件打开不了,[手机平板],1,2025.09.08,美国
19,1757231801134484,地铁是怎么掉头的？是跟汽车那样一样掉头的吗？,[交通],1,2025.09.07,北京
19,1757159122131830,na20为啥不是酸性氧化物，不是钠酸中的钠与氧化钠的钠都是+1价,[化学],1,2025.09.06,北京
19,1757143819131495,男生对女生讲我们认识很多年、讲一些感性的话。会否有嗳昧的感觉,[烦恼],1,2025.09.06,美国
20,1757119017139013,生产计划如何排产合理？,[贸易],1,2025.09.06,陕西
20,1757061711134456,为何人有时候“冷漠”，可能出于保护自己,[书画美术],6,2025.09.05,广东
20,1757061667134376,社会中没有同情心的人，一定冷漠吗,[烦恼],8,2025.09.05,广东
20,1757061396133764,现在的电视剧，多转为网络剧吗,[影视],2,2025.09.05,广东
20,1757061314133551,军队中的旅与团，哪个规模更大,[军事国防],10,2025.09.05,广东
20,1757051234132630,女孩打扮性感。怎才是好看,[服装服饰],3,2025.09.05,美国
20,1757051176132552,地理书上北纬40度、东经120度二分二至日日出日落时间分别是几点几分？,[升学入学],3,2025.09.05,北京
20,1757033091139529,替代料如何设置正确？,[编程开发],1,2025.09.05,陕西
20,1757031650137375,女生当记者。打扮性感。她是不是不正经,[烦恼],3,2025.09.05,美国
20,1757024251132480,一般聊电话会多少分钟,[股票],1,2025.09.05,美国
20,1756971866139445,wduzb电线里的u是什么意思？,[人文社科],1,2025.09.04,安徽
20,1756956151131544,现在的战斗机进行空空对战，其如何讲究排兵布阵,[军事国防],3,2025.09.04,广东
20,1756951945131223,这种情况需要给对方包红包吗？,[软件],2,2025.09.04,四川
20,1756947697131572,进销存核心参数有哪些？,[硬件],1,2025.09.04,陕西
20,1756943992136217,道德绑架，反而也是不公平不道德？,[时事政治],4,2025.09.04,美国
21,1756885007131518,网上买的道德经,[宗教],3,2025.09.03,广西
21,1756883554138147,漆膜表面生锈原因及解决？,[化学],1,2025.09.03,江苏
21,1756870006136746,为职业加上使命感，这有何实用性,[人文社科],2,2025.09.03,广东
21,1756869846136402,为何社会中的某些人坠入爱河后，会变得盲目,[烦恼],3,2025.09.03,广东
21,1756869712136143,现在的护卫舰，其对陆地目标的打击能力的要求有多高,[军事国防],3,2025.09.03,广东
21,1756860168130807,哪些计价方式可以进行成本调整？,[企业管理],1,2025.09.03,陕西
21,1756798430130433,二战时期的坦克，拥有哪些观察外界的手段,[历史话题],1,2025.09.02,广东
21,1756796061134676,如何避免油墨使用中的变色及渗色现象‌?,[工程学],1,2025.09.02,江苏
21,1756771985139867,有情绪病，不喜欢与人相处。大家庭聚会，选择不去参加是否会引起其他人的看法？？,[家庭],1,2025.09.02,美国
21,1756730303132322,引力使得物体具有惯性，这个观点论述对吗？,[物理],2,2025.09.01,陕西
21,1756728985130316,人类文明进步的唯一标准是什么，选唯一一个标准，会是什么？,[人文社科],2,2025.09.01,陕西
21,1756727854138655,灵遁者哲学水平在中国处于什么位置，值得研究吗？,[人文社科],1,2025.09.01,陕西
21,1756710323134909,小岚姐是怎么了?我该怎么办？,[家庭],1,2025.09.01,安徽
21,1756708212139812,国产高可靠性轴承品牌推荐？受够频繁更换了！,[汽车],2,2025.09.01,江苏
21,1756707725138803,言语分辨率怎样训练？,[硬件],8,2025.09.01,河北
22,1756705353134578,听力损失只是单纯的声音变小吗,[五官科],11,2025.09.01,河北
22,1756705130134193,高温为什么会损伤我们的助听耳机？,[其他电子产品],9,2025.09.01,河北
22,1756704991133966,初戴助听器怎样做“时间管理”?,[企业管理],10,2025.09.01,河北
22,1756698486135360,人被白纹伊蚊叮咬后，一定会感染登革热吗,[传染科],2,2025.09.01,广东
22,1756698454135307,男性射精无力但不治疗，这会产生哪些影响,[两性],2,2025.09.01,广东
22,1756687437131596,进销存软件业务需要月末结转吗？,[财务税务],1,2025.09.01,陕西
22,1756682068136794,我还是清白之身，是乖女好女生？,[烦恼],3,2025.09.01,美国
22,1756627129138868,如果真的有龙，你估计全球大概有多少只？,[人文社科],2,2025.08.31,陕西
22,1756622981132629,有高学历的人写自传，写一些离经叛道的观念。是否也有问题？,[人文社科],1,2025.08.31,美国
22,1756620617139424,请问软考网络工程师证书放在公司而人没有去上班，公司批准每月拿工资，这样违法吗？,[就业职场],1,2025.08.31,广东
22,1756567646133624,女朋友被我发现和别的男生出去玩解释要相信吗,[烦恼],1,2025.08.30,重庆
22,1756491339139160,我买LG 手机，已用了几年。是否值了？以前买的时候，店员讲LG 已停产手机，将是最后一批。我买了,[手机平板],1,2025.08.30,美国
22,1756447838133641,其实到餐厅吃东西，只要一二蝶菜。就是吃不完不要打包走，不是浪费？如果很多样菜剩，才是浪费？,[美食烹饪],5,2025.08.29,美国
22,1756437250134803,为何家用与商用的煤气费，不能一样,[生活常识],4,2025.08.29,广东
22,1756437205134696,在现代战争中，狙击手还有何实用性,[军事国防],2,2025.08.29,广东
23,1756436545132877,使用“丁俊晖台球室”这个名称作为台球室的名称容易引起争议吗？,[球类运动],2,2025.08.29,江苏
23,1756427629130627,我二姨对我苛刻，但讲真她自己的女儿她都管教不好。她女儿没工作几年，呆在床上。是否也不要在意,[家庭],1,2025.08.29,美国
23,1756427381130255,阶级观念？？。,[时事政治],2,2025.08.29,美国
23,1756404625131861,年轻时的皮特帅些，还是碧咸？,[娱乐人物],1,2025.08.29,美国
23,1756351525135105,研究野生动物的心理学，这对人类有何实用性,[人文社科],2,2025.08.28,广东
23,1756351485135000,载重越大，战机的飞行高度越低吗,[军事国防],2,2025.08.28,广东
23,1756346722130114,小米平板电脑，这个文件夹的文件，不小心按了总是用浏览器打开查看，怎么重新设置图像用图片查看？,[电脑],2,2025.08.28,广东
23,1756342498138315,叮当的“”这个字为什么不见了？,[人文社科],1,2025.08.28,北京
23,1756323305137074,我是女，喜欢和坏男生交朋友。但是只是喜欢听他们的故事，不是真的想和他们恋爱。有花花男对我讲,[烦恼],2,2025.08.28,美国
23,1756318488136775,女生打扮性感工作，是否给人不正经感觉？正当工作的公司，老板不建议女生打扮性感,[就业职场],2,2025.08.28,美国
23,1756318383133957,我畏高，上楼梯脚软上楼时最后几级时，如狗般爬行上去。上次妈见我如狗般爬行，大问你发生什么事,[宠物],1,2025.08.28,美国
23,1756318164138013,我有情绪病，常被光怪陆离的东西吸引。是个性俏皮贪玩还是因情绪病？？,[家庭],2,2025.08.28,美国
23,1756280752132224,中国浙江有多少外资企业,[企业管理],2,2025.08.27,浙江
23,1756280516131367,中国在纳斯达克上市的企业数量惊人啊,[股票],1,2025.08.27,浙江
23,1756269579131307,保持清白之身，有人讲奇怪。他无礼？？？,[宗教],3,2025.08.27,美国
24,1756264410138692,RTX 5090与RTX5090 D，两款显卡的性能一样吗,[硬件],3,2025.08.27,广东
24,1756264379138596,军舰装备的直升机，一般执行哪些任务,[军事国防],3,2025.08.27,广东
24,1756260232133766,怎理解？我是否渣女？,[人文社科],2,2025.08.27,美国
24,1756255029137912,经销商和零售客户如何区分发货？,[贸易],1,2025.08.27,陕西
24,1756246813139297,在餐厅，点的食物不好吃。还剩很多，店员问要打包走吗？讲不用，是否很正常？不想吃，不打包不,[美食烹饪],2,2025.08.27,美国
24,1756199072139316,家用自动门，选哪个牌子比较好？,[家居装修],2,2025.08.26,广东
24,1756179018138128,燕窝真的是智商税吗？,[美食烹饪],1,2025.08.26,福建
24,1756177474138102,两家上市公司合并后，双方的股民的持股有何变化,[股票],1,2025.08.26,广东
24,1756177401138100,有的人刚认识有一见如故的感觉，但是认识久了后觉得不是太合得来，是否也不奇怪,[烦恼],4,2025.08.26,美国
24,1756170085137855,轮胎压坑之后瞬间没气，但车胎又没有明显损伤，什么原因？,[赛车],2,2025.08.26,天津
24,1756168603137809,有没有自带手机订货的进销存管理软件？,[手机平板],1,2025.08.26,陕西
24,1756109401137591,燕窝怎么鉴别真假？,[购物时尚],1,2025.08.25,福建
24,1756107143137449,富豪A人品差但越来越富裕，这给你一种什么样的感觉,[烦恼],2,2025.08.25,广东
24,1756025219136322,"把“请勿逆行”翻译成""One-way street""是否合理？",[外语],1,2025.08.24,北京
24,1755933308135852,电动三轮车有钢铁,[交通],1,2025.08.23,广西
25,1755907011135526,一些反叛女生写自传，讲明不恕任何人定义自己。她们离经叛道，反叛任性。但或者她都发觉她走过的,[烦恼],1,2025.08.23,美国
25,1755896774135502,有时见一些餐馆太多人，不想排队。去有空桌的餐馆，但最后发觉食物不好吃。是否笨？客人不多就因为,[美食烹饪],2,2025.08.23,美国
25,1755832976134752,从科学的角度分析，为何爆炸会产生冲击波,[物理],2,2025.08.22,广东
25,1755832951134751,导弹如何提高隐身性,[军事国防],3,2025.08.22,广东
25,1755823927134515,现金流老是出错怎么办？,[银行],2,2025.08.22,陕西
25,1755811021134396,女生有公主病，与男生交朋友会希望男生哄她。她有时讲话娇声娇气，就是交朋友也是那样。可以吗？？？,[烦恼],2,2025.08.22,美国
25,1755792848134385,男生想当面和女生吃饭，是为什么,[烦恼],5,2025.08.22,江苏
25,1755754015133816,你觉得社会中特别现实的人，一般有何表现,[烦恼],3,2025.08.21,广东
25,1755753986133815,一座城市的交通不拥堵，这能说明哪些信息,[交通],1,2025.08.21,广东
25,1755753953133814,枪管过长或过短，这对枪械的性能有何影响,[军事国防],1,2025.08.21,广东
25,1755749600133750,买了一件外套大约75元美元，贵吗,[服装服饰],1,2025.08.21,美国
25,1755749563133749,外套用手洗会更好？,[服装服饰],3,2025.08.21,美国
25,1755741829133543,在复数范围内，负数有两个偶次方根，分别是什么？,[数学],2,2025.08.21,北京
25,1755735574133337,我有情绪病，容易被别人讲的话困扰影响。是否如遇上讲话令自己困扰的人，最好的方法就是不要再,[家庭],1,2025.08.21,美国
25,1755681103132986,悍途的鞋子鞋底防滑嘛，可以支撑去户外徒步或者其他户外活动嘛？,[生活常识],2,2025.08.20,福建
26,1755674739132807,“莫以善小儿不为，莫以恶小而为之”出自哪里？全文是什么？,[小说图书],1,2025.08.20,北京
26,1755663052132546,我现实里很害怕接触不正经的人，但喜欢看不正经人写的书。对他们写的书，感到刺激新奇。我矛盾奇怪？？,[烦恼],1,2025.08.20,美国
26,1755659757132499,假如你富裕后亲朋皆为酒肉之交，你有何感受,[人文社科],2,2025.08.20,广东
26,1755659675132496,不超频，电脑采用高频率的内存条有何意义,[硬件],2,2025.08.20,广东
26,1755659636132494,载重越大，这会影响战斗机的机动性吗,[军事国防],4,2025.08.20,广东
26,1755657037132406,9月23日(秋分)乌鲁木齐和拉萨的日出日落时间分别都是几点几分？,[起名],3,2025.08.20,北京
26,1755577690131332,你们一般去一些餐厅很多人等候的，还是人少不用排队的？,[烦恼],2,2025.08.19,美国
26,1755573981131275,为何社会中的某些人认为，友人比爱人更靠谱,[宗教],3,2025.08.19,广东
26,1755570402131078,戌酉相穿(狗鸡相穿)是什么意思？,[人文社科],1,2025.08.19,北京
26,1755570344131075,为什么AQI指数不显示501及以上的“七级极重污染”指数级别？,[股票],1,2025.08.19,北京
26,1755569799131035,三伏天适用于南半球吗？,[家居装修],2,2025.08.19,北京
26,1755566875130913,效期打印机SSBH-XD-01是怎样的一款机器？,[硬件],2,2025.08.19,广东
26,1755565456130834,每个人都怕刀是一句事实吗？,[宗教],1,2025.08.19,江苏
26,1755564096130788,财务管理红冲蓝冲如何运用？,[财务税务],1,2025.08.19,陕西
26,1755512972130588,动力机甲皮肤兑换码,[网页游戏],1,2025.08.18,江苏
27,1755502749130429,北京的36个农村合作社怎么样了,[历史话题],1,2025.08.18,浙江
27,1755495385130055,为何价格高的西餐，其分量一般很小,[美食烹饪],1,2025.08.18,广东
27,1755495349130050,开水可以浇花吗？,[生活常识],3,2025.08.18,江苏
27,1755493890139955,通风设备的风口怎么选择？,[家居装修],1,2025.08.18,江苏
27,1755489785139734,有什么方法可治焦虑症？,[内科],1,2025.08.18,美国
27,1755477373139457,WMS主要能解决什么问题？,[编程开发],3,2025.08.18,陕西
27,1755346734138974,“佯北莫从”是什么意思？典故是什么？,[人文社科],2,2025.08.16,北京
27,1755331262138849,开水冲鸡蛋,[生活常识],1,2025.08.16,河北
27,1755305205138666,销售发货只关注数量不涉及金额可以吗？,[贸易],2,2025.08.16,陕西
27,1755244532138446,选购笔记本电脑如何防止被坑？,[电脑],1,2025.08.15,山东
27,1755227105138117,没女友意味着什么？没有办法身体接触？没有情感共鸣？,[烦恼],5,2025.08.15,宁夏
27,1755219653137860,只管理收支情况适合什么软件？,[企业管理],3,2025.08.15,陕西
27,1755191663137743,觉得图中两个女的样貌和气质像吗？,[娱乐人物],1,2025.08.15,四川
27,1755171470137685,能力一般的人类和猫妖觉得哪个厉害点？,[烦恼],1,2025.08.14,四川
27,1755171356137683,在360问答注册的用户怎么在360百科还需要再次注册么？,[360相关产品],1,2025.08.14,河北
28,1755158029137476,强吻陌生女子后被检出急性而短暂的精神病障碍的男子需要承担哪些民事责任？,[两性],1,2025.08.14,陕西
28,1755141750137156,古生物学家如何判断，已灭绝的生物属于独居还是群居,[生物],2,2025.08.14,广东
28,1755141712137152,敌军能从己方遗留的粪便中，获取哪些重要的信息,[军事国防],2,2025.08.14,广东
28,1755138775137095,多年来焦虑症，见街上陌生人怕他们有意外会主动帮忙，都是乌龙。常有心魔就是见死不救有莫名其妙的,[烦恼],1,2025.08.14,美国
28,1755131641136828,采购与应付/预付业务关系如何？,[企业管理],2,2025.08.14,陕西
28,1755083303136759,双春双雨水的年份，下一次在哪一年？,[起名],2,2025.08.13,北京
28,1755056081136133,当你在当年成功求爱的地方再遇初恋，你有何第一反应,[家庭],3,2025.08.13,广东
28,1755056046136132,你婚后方知配偶有一重大的违法案底，你如何处理,[法律法规],5,2025.08.13,广东
28,1755056008136131,简单解析，安全软件的杀毒原理是什么,[360相关产品],3,2025.08.13,广东
28,1755055976136129,为何预警机还不能实现无人化,[编程开发],4,2025.08.13,广东
28,1755046589135871,26°~36°的热度怎样有风采,[人文社科],1,2025.08.13,浙江
28,1755045876135814,服装行业如何管理库存？,[企业管理],1,2025.08.13,陕西
28,1754969423135033,做人讲究原则，这有何实用性,[节日风俗],5,2025.08.12,广东
28,1754969094135029,同一个人在三家证券公司共拥有三个股票账户，后者能否关联同一银行账户,[股票],2,2025.08.12,广东
28,1754969052135027,潜艇潜行时，如何与外界联系,[军事国防],2,2025.08.12,广东
29,1754968669135018,人类互联网粘贴技术,[互联网],1,2025.08.12,浙江
29,1754968240135010,西安有哪些著名的传统节日？,[节日风俗],1,2025.08.12,陕西
29,1754967343134980,旅游需要准备哪些拍摄设备和技巧？,[出行旅游],2,2025.08.12,陕西
29,1754964169134863,为什么“休想”是“谢绝”的意思？,[人文社科],2,2025.08.12,北京
29,1754959255134733,存货信息中主往来单位如何使用？,[企业管理],1,2025.08.12,陕西
29,1754935437134652,AI句式改写小助手：有没有人觉得光宗薰和毛晓彤长得很像,[烦恼],1,2025.08.12,广东
29,1754926920134637,觉得图中两个女的样貌和气质像吗？,[娱乐人物],2,2025.08.11,四川
29,1754897942134187,消声器对枪械的性能，有何影响,[硬件],1,2025.08.11,广东
29,1754891687133953,还珠格格当年很火，但会有人不喜欢看的吗,[娱乐人物],1,2025.08.11,美国
29,1754889641133873,问女生常常对男人讲开放话题，是可理解为对男的挑衅？而不是挑逗？？,[烦恼],2,2025.08.11,美国
29,1754889066133860,该不该让女朋友留着前男友联系方式,[家庭],2,2025.08.11,重庆
29,1754879169133746,听力损失问题怎么去干预它？,[五官科],6,2025.08.11,河北
29,1754878673133744,买助听器是买模拟机好还是数字机好？,[家居装修],6,2025.08.11,河北
29,1754877484133724,老年人建议用什么样的助听器？,[健康知识],8,2025.08.11,河北
29,1754727969132926,分期的话，花呗和交通银行信用卡哪个利率低，哪个划算,[银行],1,2025.08.09,湖北
30,1754644992132322,请问玄中易八字排盘平台如何？免费不？,[星座占卜],1,2025.08.08,广东
30,1754637309132007,我会问一些基督徒问题，如和另一半是婚前还是婚后？我只是想知他们有没守到圣经的律法，我这么问,[宗教],2,2025.08.08,美国
30,1754624036131823,你坐牢后亲朋马上与你断绝关系，你获清白后如何与之相处,[家庭],2,2025.08.08,广东
30,1754623928131820,为何战场上，冲击波的歼敌数量多于子弹,[客户端游戏],3,2025.08.08,广东
30,1754623842131817,杭州每年的彩票销量是多少,[彩票],2,2025.08.08,浙江
30,1754623691131811,欧洲有多少个国家,[时事政治],2,2025.08.08,浙江
30,1754623645131809,中国有多少个省/美国有多少个省,[军事国防],4,2025.08.08,浙江
30,1754614432131610,先发货再开票如何执行单据？,[贸易],3,2025.08.08,陕西
30,1754598915131556,我喜欢玛丽莲梦露，但是否太落伍？当年我去发型屋弄了卷发，但不是金色。她卷发好性感,[娱乐人物],1,2025.08.08,美国
30,1754571224131531,二十四节气的第二个节气，也是春季第二个节气“雨水”为什么不叫“处寒”？,[书画美术],3,2025.08.07,北京
30,1754563856131479,陌生人B长得像已逝的好友，这给你一种什么样的感觉,[烦恼],1,2025.08.07,广东
30,1754563776131478,为何社会中的某些人会“升米恩斗米仇”,[历史话题],4,2025.08.07,广东
30,1754563651131477,中考有什么存在的必要,[升学入学],3,2025.08.07,广东
30,1754563514131476,为何义务役的士兵的服役周期，两年为合适,[军事国防],3,2025.08.07,广东
30,1754562408131471,马云、李嘉诚是中国的骄傲，是吗？,[娱乐人物],3,2025.08.07,贵州
31,1754558831131464,预算有限，悍途的入门级徒步鞋质量靠谱吗？能满足周末郊游需求吗？,[贸易],1,2025.08.07,福建
31,1754552878131387,为什么苏联变成资产阶级专政了,[军事国防],2,2025.08.07,广西
31,1754551708131362,社保个人账户里的钱可以随意支取吗？,[保险],1,2025.08.07,陕西
31,1754551683131361,换城市工作，社保如何转移？具体流程是什么？,[保险],3,2025.08.07,陕西
31,1754551563131355,养老金是如何计算的？缴费年限和缴费基数对养老金待遇影响有多大？,[保险],2,2025.08.07,陕西
31,1754551482131351,灵活就业人员办理参保登记需要准备什么材料？,[就业职场],2,2025.08.07,陕西
31,1754551478131350,从科学的角度来说存不存在“庚子癸卯现象”？,[时事政治],1,2025.08.07,江苏
31,1754550644131332,两仪是直接生四象还是先生三才再生四象？,[花鸟鱼虫],3,2025.08.07,江苏
31,1754547458131295,有哪些免费电影网站可以在线观看电视剧？,[影视],1,2025.08.07,陕西
31,1754481742130797,缓解不良情绪的行为是无效的怎么办?,[两性],1,2025.08.06,江苏
31,1754473993130649,国内有哪些特别适合拍照的网红景点？,[美容塑身],6,2025.08.06,福建
31,1754470608130617,你好，有没自行车鞍座上鞍管的具体标准要求，谢谢,[交通],4,2025.08.06,广东
31,1754464630130547,CAM监控系统/AAM监控系统,[硬件],3,2025.08.06,浙江
31,1754461396130453,11款宝马3系起步加油门车感觉无力跑不起来是什么原因了,[汽车],2,2025.08.06,江苏
31,1754460678130404,某女人的抖音作品评论区有很多认识的人评论，觉得他们怎么认识的？,[烦恼],4,2025.08.06,四川
